-- MySQL dump 10.13  Distrib 8.0.45, for Win64 (x86_64)
--
-- Host: 127.0.0.1    Database: ql_ao_nuoi
-- ------------------------------------------------------
-- Server version	8.0.45

/*!40101 SET @OLD_CHARACTER_SET_CLIENT=@@CHARACTER_SET_CLIENT */;
/*!40101 SET @OLD_CHARACTER_SET_RESULTS=@@CHARACTER_SET_RESULTS */;
/*!40101 SET @OLD_COLLATION_CONNECTION=@@COLLATION_CONNECTION */;
/*!50503 SET NAMES utf8 */;
/*!40103 SET @OLD_TIME_ZONE=@@TIME_ZONE */;
/*!40103 SET TIME_ZONE='+00:00' */;
/*!40014 SET @OLD_UNIQUE_CHECKS=@@UNIQUE_CHECKS, UNIQUE_CHECKS=0 */;
/*!40014 SET @OLD_FOREIGN_KEY_CHECKS=@@FOREIGN_KEY_CHECKS, FOREIGN_KEY_CHECKS=0 */;
/*!40101 SET @OLD_SQL_MODE=@@SQL_MODE, SQL_MODE='NO_AUTO_VALUE_ON_ZERO' */;
/*!40111 SET @OLD_SQL_NOTES=@@SQL_NOTES, SQL_NOTES=0 */;

--
-- Table structure for table `ao_nuoi`
--

DROP TABLE IF EXISTS `ao_nuoi`;
/*!40101 SET @saved_cs_client     = @@character_set_client */;
/*!50503 SET character_set_client = utf8mb4 */;
CREATE TABLE `ao_nuoi` (
  `ma_ao_nuoi` varchar(50) NOT NULL,
  `ma_khu_vuc` varchar(50) NOT NULL,
  `dien_tich` float DEFAULT NULL,
  `che_do` enum('AUTO','MANUAL') DEFAULT 'AUTO',
  PRIMARY KEY (`ma_ao_nuoi`),
  KEY `ma_khu_vuc` (`ma_khu_vuc`),
  CONSTRAINT `ao_nuoi_ibfk_1` FOREIGN KEY (`ma_khu_vuc`) REFERENCES `khu_vuc` (`ma_khu_vuc`) ON DELETE CASCADE
) ENGINE=InnoDB DEFAULT CHARSET=utf8mb4 COLLATE=utf8mb4_0900_ai_ci;
/*!40101 SET character_set_client = @saved_cs_client */;

--
-- Dumping data for table `ao_nuoi`
--

LOCK TABLES `ao_nuoi` WRITE;
/*!40000 ALTER TABLE `ao_nuoi` DISABLE KEYS */;
INSERT INTO `ao_nuoi` VALUES ('AO_01','KV_01',1000,'AUTO');
/*!40000 ALTER TABLE `ao_nuoi` ENABLE KEYS */;
UNLOCK TABLES;

--
-- Table structure for table `cam_bien`
--

DROP TABLE IF EXISTS `cam_bien`;
/*!40101 SET @saved_cs_client     = @@character_set_client */;
/*!50503 SET character_set_client = utf8mb4 */;
CREATE TABLE `cam_bien` (
  `ma_thiet_bi` varchar(50) NOT NULL,
  `loai_cam_bien` varchar(100) DEFAULT NULL,
  PRIMARY KEY (`ma_thiet_bi`),
  CONSTRAINT `cam_bien_ibfk_1` FOREIGN KEY (`ma_thiet_bi`) REFERENCES `thiet_bi_tai_bien` (`ma_thiet_bi`) ON DELETE CASCADE
) ENGINE=InnoDB DEFAULT CHARSET=utf8mb4 COLLATE=utf8mb4_0900_ai_ci;
/*!40101 SET character_set_client = @saved_cs_client */;

--
-- Dumping data for table `cam_bien`
--

LOCK TABLES `cam_bien` WRITE;
/*!40000 ALTER TABLE `cam_bien` DISABLE KEYS */;
INSERT INTO `cam_bien` VALUES ('CB_TEMP_AO_01','TEMP');
/*!40000 ALTER TABLE `cam_bien` ENABLE KEYS */;
UNLOCK TABLES;

--
-- Table structure for table `cong_thuc_cho_an`
--

DROP TABLE IF EXISTS `cong_thuc_cho_an`;
/*!40101 SET @saved_cs_client     = @@character_set_client */;
/*!50503 SET character_set_client = utf8mb4 */;
CREATE TABLE `cong_thuc_cho_an` (
  `ma_cong_thuc` varchar(50) NOT NULL,
  `ti_le_cho_an` float DEFAULT NULL,
  `thong_tin_bo_sung` text,
  PRIMARY KEY (`ma_cong_thuc`)
) ENGINE=InnoDB DEFAULT CHARSET=utf8mb4 COLLATE=utf8mb4_0900_ai_ci;
/*!40101 SET character_set_client = @saved_cs_client */;

--
-- Dumping data for table `cong_thuc_cho_an`
--

LOCK TABLES `cong_thuc_cho_an` WRITE;
/*!40000 ALTER TABLE `cong_thuc_cho_an` DISABLE KEYS */;
INSERT INTO `cong_thuc_cho_an` VALUES ('CT_GIAIDOAN_1',5.5,'Cho ăn giai đoạn tôm giống');
/*!40000 ALTER TABLE `cong_thuc_cho_an` ENABLE KEYS */;
UNLOCK TABLES;

--
-- Table structure for table `du_lieu_quan_trac`
--

DROP TABLE IF EXISTS `du_lieu_quan_trac`;
/*!40101 SET @saved_cs_client     = @@character_set_client */;
/*!50503 SET character_set_client = utf8mb4 */;
CREATE TABLE `du_lieu_quan_trac` (
  `ma_du_lieu` bigint NOT NULL AUTO_INCREMENT,
  `ma_cam_bien` varchar(50) NOT NULL,
  `thoi_gian` datetime NOT NULL,
  `gia_tri` float NOT NULL,
  PRIMARY KEY (`ma_du_lieu`),
  KEY `ma_cam_bien` (`ma_cam_bien`),
  CONSTRAINT `du_lieu_quan_trac_ibfk_1` FOREIGN KEY (`ma_cam_bien`) REFERENCES `cam_bien` (`ma_thiet_bi`) ON DELETE CASCADE
) ENGINE=InnoDB AUTO_INCREMENT=88675 DEFAULT CHARSET=utf8mb4 COLLATE=utf8mb4_0900_ai_ci;
/*!40101 SET character_set_client = @saved_cs_client */;

--
-- Dumping data for table `du_lieu_quan_trac`
--

LOCK TABLES `du_lieu_quan_trac` WRITE;
/*!40000 ALTER TABLE `du_lieu_quan_trac` DISABLE KEYS */;
INSERT INTO `du_lieu_quan_trac` VALUES (87119,'CB_TEMP_AO_01','2026-04-20 09:03:13',28.3),(87120,'CB_TEMP_AO_01','2026-04-20 09:03:18',28.4),(87121,'CB_TEMP_AO_01','2026-04-20 09:03:23',28.5),(87122,'CB_TEMP_AO_01','2026-04-20 09:03:28',28.6),(87123,'CB_TEMP_AO_01','2026-04-20 09:03:33',28.7),(87124,'CB_TEMP_AO_01','2026-04-20 09:03:38',28.4),(87125,'CB_TEMP_AO_01','2026-04-20 09:03:43',28.4),(87126,'CB_TEMP_AO_01','2026-04-20 09:03:48',28.3),(87127,'CB_TEMP_AO_01','2026-04-20 09:03:53',28.5),(87128,'CB_TEMP_AO_01','2026-04-20 09:03:58',28.4),(87129,'CB_TEMP_AO_01','2026-04-20 09:04:03',28.4),(87130,'CB_TEMP_AO_01','2026-04-20 09:04:09',28.9),(87131,'CB_TEMP_AO_01','2026-04-20 09:04:14',28.8),(87132,'CB_TEMP_AO_01','2026-04-20 09:04:19',28.1),(87133,'CB_TEMP_AO_01','2026-04-20 09:04:24',28.3),(87134,'CB_TEMP_AO_01','2026-04-20 09:04:29',28.8),(87135,'CB_TEMP_AO_01','2026-04-20 09:04:34',28.3),(87136,'CB_TEMP_AO_01','2026-04-20 09:04:39',28.4),(87137,'CB_TEMP_AO_01','2026-04-20 09:04:44',28.3),(87138,'CB_TEMP_AO_01','2026-04-20 09:04:49',28),(87139,'CB_TEMP_AO_01','2026-04-20 09:04:54',28),(87140,'CB_TEMP_AO_01','2026-04-20 09:04:59',28.5),(87141,'CB_TEMP_AO_01','2026-04-20 09:05:04',28.3),(87142,'CB_TEMP_AO_01','2026-04-20 09:05:09',28.4),(87143,'CB_TEMP_AO_01','2026-04-20 09:05:14',28.5),(87144,'CB_TEMP_AO_01','2026-04-20 09:05:19',28.7),(87145,'CB_TEMP_AO_01','2026-04-20 09:05:24',28.8),(87146,'CB_TEMP_AO_01','2026-04-20 09:05:29',28.4),(87147,'CB_TEMP_AO_01','2026-04-20 09:05:34',28.3),(87148,'CB_TEMP_AO_01','2026-04-20 09:05:39',28.4),(87149,'CB_TEMP_AO_01','2026-04-20 09:05:44',28),(87150,'CB_TEMP_AO_01','2026-04-20 09:05:49',28.7),(87151,'CB_TEMP_AO_01','2026-04-20 09:05:54',28.6),(87152,'CB_TEMP_AO_01','2026-04-20 09:05:59',28.1),(87153,'CB_TEMP_AO_01','2026-04-20 09:06:04',28.2),(87154,'CB_TEMP_AO_01','2026-04-20 09:06:09',28.6),(87155,'CB_TEMP_AO_01','2026-04-20 09:06:14',28.9),(87156,'CB_TEMP_AO_01','2026-04-20 09:06:20',28.4),(87157,'CB_TEMP_AO_01','2026-04-20 09:06:25',28.3),(87158,'CB_TEMP_AO_01','2026-04-20 09:06:30',28.3),(87159,'CB_TEMP_AO_01','2026-04-20 09:06:35',28.2),(87160,'CB_TEMP_AO_01','2026-04-20 09:06:40',28.5),(87161,'CB_TEMP_AO_01','2026-04-20 09:06:45',28.5),(87162,'CB_TEMP_AO_01','2026-04-20 09:06:50',28.3),(87163,'CB_TEMP_AO_01','2026-04-20 09:06:55',28.5),(87164,'CB_TEMP_AO_01','2026-04-20 09:07:00',28.8),(87165,'CB_TEMP_AO_01','2026-04-20 09:07:05',28.2),(87166,'CB_TEMP_AO_01','2026-04-20 09:07:10',28.2),(87167,'CB_TEMP_AO_01','2026-04-20 09:07:15',28.3),(87168,'CB_TEMP_AO_01','2026-04-20 09:07:20',28.1),(87169,'CB_TEMP_AO_01','2026-04-20 09:07:25',28.2),(87170,'CB_TEMP_AO_01','2026-04-20 09:07:30',28.2),(87171,'CB_TEMP_AO_01','2026-04-20 09:07:35',28),(87172,'CB_TEMP_AO_01','2026-04-20 09:07:40',28.3),(87173,'CB_TEMP_AO_01','2026-04-20 09:07:45',28.5),(87174,'CB_TEMP_AO_01','2026-04-20 09:07:50',28.1),(87175,'CB_TEMP_AO_01','2026-04-20 09:07:55',28.8),(87176,'CB_TEMP_AO_01','2026-04-20 09:08:00',28.3),(87177,'CB_TEMP_AO_01','2026-04-20 09:08:05',28.5),(87178,'CB_TEMP_AO_01','2026-04-20 09:08:10',28.2),(87179,'CB_TEMP_AO_01','2026-04-20 09:08:15',28.6),(87180,'CB_TEMP_AO_01','2026-04-20 09:08:21',28.2),(87181,'CB_TEMP_AO_01','2026-04-20 09:08:26',28.8),(87182,'CB_TEMP_AO_01','2026-04-20 09:08:31',29),(87183,'CB_TEMP_AO_01','2026-04-20 09:08:36',28.3),(87184,'CB_TEMP_AO_01','2026-04-20 09:08:41',28.3),(87185,'CB_TEMP_AO_01','2026-04-20 09:08:46',28.9),(87186,'CB_TEMP_AO_01','2026-04-20 09:08:51',28.6),(87187,'CB_TEMP_AO_01','2026-04-20 09:08:56',28),(87188,'CB_TEMP_AO_01','2026-04-20 09:09:01',28.5),(87189,'CB_TEMP_AO_01','2026-04-20 09:09:06',28.8),(87190,'CB_TEMP_AO_01','2026-04-20 09:09:11',28.7),(87191,'CB_TEMP_AO_01','2026-04-20 09:09:16',28),(87192,'CB_TEMP_AO_01','2026-04-20 09:09:21',28.5),(87193,'CB_TEMP_AO_01','2026-04-20 09:09:26',28.4),(87194,'CB_TEMP_AO_01','2026-04-20 09:09:31',28.8),(87195,'CB_TEMP_AO_01','2026-04-20 09:09:36',28.5),(87196,'CB_TEMP_AO_01','2026-04-20 09:09:41',28.4),(87197,'CB_TEMP_AO_01','2026-04-20 09:09:46',28.3),(87198,'CB_TEMP_AO_01','2026-04-20 09:09:51',28.7),(87199,'CB_TEMP_AO_01','2026-04-20 09:09:56',28.8),(87200,'CB_TEMP_AO_01','2026-04-20 09:10:01',28.5),(87201,'CB_TEMP_AO_01','2026-04-20 09:10:06',28.4),(87202,'CB_TEMP_AO_01','2026-04-20 09:10:12',28.6),(87203,'CB_TEMP_AO_01','2026-04-20 09:10:17',28.8),(87204,'CB_TEMP_AO_01','2026-04-20 09:10:22',28.2),(87205,'CB_TEMP_AO_01','2026-04-20 09:10:27',29),(87206,'CB_TEMP_AO_01','2026-04-20 09:10:32',28.4),(87207,'CB_TEMP_AO_01','2026-04-20 09:10:37',28.5),(87208,'CB_TEMP_AO_01','2026-04-20 09:10:42',28.3),(87209,'CB_TEMP_AO_01','2026-04-20 09:10:47',28),(87210,'CB_TEMP_AO_01','2026-04-20 09:10:52',28.3),(87211,'CB_TEMP_AO_01','2026-04-20 09:10:57',28.3),(87212,'CB_TEMP_AO_01','2026-04-20 09:11:02',28.2),(87213,'CB_TEMP_AO_01','2026-04-20 09:11:07',28.4),(87214,'CB_TEMP_AO_01','2026-04-20 09:11:12',28.2),(87215,'CB_TEMP_AO_01','2026-04-20 09:11:17',28.5),(87216,'CB_TEMP_AO_01','2026-04-20 09:11:22',28.7),(87217,'CB_TEMP_AO_01','2026-04-20 09:11:27',28.7),(87218,'CB_TEMP_AO_01','2026-04-20 09:11:32',28.7),(87219,'CB_TEMP_AO_01','2026-04-20 09:11:37',28.2),(87220,'CB_TEMP_AO_01','2026-04-20 09:11:42',28.2),(87221,'CB_TEMP_AO_01','2026-04-20 09:11:47',28.6),(87222,'CB_TEMP_AO_01','2026-04-20 09:11:52',28.9),(87223,'CB_TEMP_AO_01','2026-04-20 09:11:57',28.4),(87224,'CB_TEMP_AO_01','2026-04-20 09:12:02',28.4),(87225,'CB_TEMP_AO_01','2026-04-20 09:12:07',28.9),(87226,'CB_TEMP_AO_01','2026-04-20 09:12:12',28.3),(87227,'CB_TEMP_AO_01','2026-04-20 09:12:17',28.8),(87228,'CB_TEMP_AO_01','2026-04-20 09:12:22',28.5),(87229,'CB_TEMP_AO_01','2026-04-20 09:12:28',28.7),(87230,'CB_TEMP_AO_01','2026-04-20 09:12:33',28.9),(87231,'CB_TEMP_AO_01','2026-04-20 09:12:38',28.6),(87232,'CB_TEMP_AO_01','2026-04-20 09:12:43',28.7),(87233,'CB_TEMP_AO_01','2026-04-20 09:12:48',28.5),(87234,'CB_TEMP_AO_01','2026-04-20 09:12:53',28.2),(87235,'CB_TEMP_AO_01','2026-04-20 09:12:58',28.4),(87236,'CB_TEMP_AO_01','2026-04-20 09:13:03',28.4),(87237,'CB_TEMP_AO_01','2026-04-20 09:13:08',29),(87238,'CB_TEMP_AO_01','2026-04-20 09:13:13',28.7),(87239,'CB_TEMP_AO_01','2026-04-20 09:13:18',28.5),(87240,'CB_TEMP_AO_01','2026-04-20 09:13:23',28.2),(87241,'CB_TEMP_AO_01','2026-04-20 09:13:28',28.1),(87242,'CB_TEMP_AO_01','2026-04-20 09:13:33',28.1),(87243,'CB_TEMP_AO_01','2026-04-20 09:13:38',28.2),(87244,'CB_TEMP_AO_01','2026-04-20 09:13:43',28.7),(87245,'CB_TEMP_AO_01','2026-04-20 09:13:48',28.3),(87246,'CB_TEMP_AO_01','2026-04-20 09:13:53',28.2),(87247,'CB_TEMP_AO_01','2026-04-20 09:13:58',29),(87248,'CB_TEMP_AO_01','2026-04-20 09:14:03',28.1),(87249,'CB_TEMP_AO_01','2026-04-20 09:14:08',28.2),(87250,'CB_TEMP_AO_01','2026-04-20 09:14:13',28.8),(87251,'CB_TEMP_AO_01','2026-04-20 09:14:18',28.7),(87252,'CB_TEMP_AO_01','2026-04-20 09:14:23',28.5),(87253,'CB_TEMP_AO_01','2026-04-20 09:14:28',28.5),(87254,'CB_TEMP_AO_01','2026-04-20 09:14:34',28.5),(87255,'CB_TEMP_AO_01','2026-04-20 09:14:39',28.8),(87256,'CB_TEMP_AO_01','2026-04-20 09:14:44',28.9),(87257,'CB_TEMP_AO_01','2026-04-20 09:14:49',28.2),(87258,'CB_TEMP_AO_01','2026-04-20 09:14:54',28.7),(87259,'CB_TEMP_AO_01','2026-04-20 09:14:59',28.4),(87260,'CB_TEMP_AO_01','2026-04-20 09:15:10',28.7),(87261,'CB_TEMP_AO_01','2026-04-20 09:15:15',28),(87262,'CB_TEMP_AO_01','2026-04-20 09:15:20',28.4),(87263,'CB_TEMP_AO_01','2026-04-20 09:15:25',28.3),(87264,'CB_TEMP_AO_01','2026-04-20 09:15:30',28.7),(87265,'CB_TEMP_AO_01','2026-04-20 09:15:35',28.6),(87266,'CB_TEMP_AO_01','2026-04-20 09:15:40',28.2),(87267,'CB_TEMP_AO_01','2026-04-20 09:15:45',29),(87268,'CB_TEMP_AO_01','2026-04-20 09:15:50',28.9),(87269,'CB_TEMP_AO_01','2026-04-20 09:15:55',28.7),(87270,'CB_TEMP_AO_01','2026-04-20 09:16:00',28.7),(87271,'CB_TEMP_AO_01','2026-04-20 09:17:05',28.7),(87272,'CB_TEMP_AO_01','2026-04-20 09:17:10',28.5),(87273,'CB_TEMP_AO_01','2026-04-20 09:17:15',28.3),(87274,'CB_TEMP_AO_01','2026-04-20 09:17:20',28.1),(87275,'CB_TEMP_AO_01','2026-04-20 09:17:25',28.1),(87276,'CB_TEMP_AO_01','2026-04-20 09:17:30',28.2),(87277,'CB_TEMP_AO_01','2026-04-20 09:17:35',28.6),(87278,'CB_TEMP_AO_01','2026-04-20 09:17:40',28.3),(87279,'CB_TEMP_AO_01','2026-04-20 09:17:45',28.6),(87280,'CB_TEMP_AO_01','2026-04-20 09:17:50',28.2),(87281,'CB_TEMP_AO_01','2026-04-20 09:17:56',28.8),(87282,'CB_TEMP_AO_01','2026-04-20 09:18:01',28.7),(87283,'CB_TEMP_AO_01','2026-04-20 09:18:06',28.6),(87284,'CB_TEMP_AO_01','2026-04-20 09:18:11',28.5),(87285,'CB_TEMP_AO_01','2026-04-20 09:18:16',28.2),(87286,'CB_TEMP_AO_01','2026-04-20 09:18:21',28.6),(87287,'CB_TEMP_AO_01','2026-04-20 09:18:26',28.8),(87288,'CB_TEMP_AO_01','2026-04-20 09:18:31',28.8),(87289,'CB_TEMP_AO_01','2026-04-20 09:18:36',28.4),(87290,'CB_TEMP_AO_01','2026-04-20 09:18:41',29),(87291,'CB_TEMP_AO_01','2026-04-20 09:18:46',28.4),(87292,'CB_TEMP_AO_01','2026-04-20 09:18:51',28.7),(87293,'CB_TEMP_AO_01','2026-04-20 09:18:56',28.3),(87294,'CB_TEMP_AO_01','2026-04-20 09:19:01',28.7),(87295,'CB_TEMP_AO_01','2026-04-20 09:19:06',28),(87296,'CB_TEMP_AO_01','2026-04-20 09:19:11',28.8),(87297,'CB_TEMP_AO_01','2026-04-20 09:19:16',28.9),(87298,'CB_TEMP_AO_01','2026-04-20 09:19:21',28.5),(87299,'CB_TEMP_AO_01','2026-04-20 09:19:26',28.3),(87300,'CB_TEMP_AO_01','2026-04-20 09:19:31',28.9),(87301,'CB_TEMP_AO_01','2026-04-20 09:19:36',28.4),(87302,'CB_TEMP_AO_01','2026-04-20 09:19:41',28.9),(87303,'CB_TEMP_AO_01','2026-04-20 09:19:46',28.2),(87304,'CB_TEMP_AO_01','2026-04-20 09:19:52',28.8),(87305,'CB_TEMP_AO_01','2026-04-20 09:19:57',28.8),(87306,'CB_TEMP_AO_01','2026-04-20 09:20:02',28.6),(87307,'CB_TEMP_AO_01','2026-04-20 09:20:07',28.4),(87308,'CB_TEMP_AO_01','2026-04-20 09:20:12',28.9),(87309,'CB_TEMP_AO_01','2026-04-20 09:20:17',28.4),(87310,'CB_TEMP_AO_01','2026-04-20 09:20:29',28.3),(87311,'CB_TEMP_AO_01','2026-04-20 09:20:34',28.4),(87312,'CB_TEMP_AO_01','2026-04-20 09:20:39',28.5),(87313,'CB_TEMP_AO_01','2026-04-20 09:20:45',28.9),(87314,'CB_TEMP_AO_01','2026-04-20 09:20:50',28.4),(87315,'CB_TEMP_AO_01','2026-04-20 09:20:55',28.2),(87316,'CB_TEMP_AO_01','2026-04-20 09:21:00',28.6),(87317,'CB_TEMP_AO_01','2026-04-20 09:21:05',28.5),(87318,'CB_TEMP_AO_01','2026-04-20 09:21:10',28.1),(87319,'CB_TEMP_AO_01','2026-04-20 09:21:15',28.3),(87320,'CB_TEMP_AO_01','2026-04-20 09:21:20',28.8),(87321,'CB_TEMP_AO_01','2026-04-20 09:21:25',28.8),(87322,'CB_TEMP_AO_01','2026-04-20 09:21:30',28.6),(87323,'CB_TEMP_AO_01','2026-04-20 09:21:35',28.5),(87324,'CB_TEMP_AO_01','2026-04-20 09:21:40',28.7),(87325,'CB_TEMP_AO_01','2026-04-20 09:21:45',28.5),(87326,'CB_TEMP_AO_01','2026-04-20 09:21:50',28.1),(87327,'CB_TEMP_AO_01','2026-04-20 09:21:55',28.6),(87328,'CB_TEMP_AO_01','2026-04-20 09:22:00',28.9),(87329,'CB_TEMP_AO_01','2026-04-20 09:22:05',28.1),(87330,'CB_TEMP_AO_01','2026-04-20 09:22:10',28.3),(87331,'CB_TEMP_AO_01','2026-04-20 09:22:15',28.4),(87332,'CB_TEMP_AO_01','2026-04-20 09:22:20',28.8),(87333,'CB_TEMP_AO_01','2026-04-20 09:22:25',28),(87334,'CB_TEMP_AO_01','2026-04-20 09:22:30',28.3),(87335,'CB_TEMP_AO_01','2026-04-20 09:22:35',28.1),(87336,'CB_TEMP_AO_01','2026-04-20 09:22:40',28.1),(87337,'CB_TEMP_AO_01','2026-04-20 09:22:46',28.3),(87338,'CB_TEMP_AO_01','2026-04-20 09:22:51',28.3),(87339,'CB_TEMP_AO_01','2026-04-20 09:41:06',28.3),(87340,'CB_TEMP_AO_01','2026-04-20 09:41:11',28.5),(87341,'CB_TEMP_AO_01','2026-04-20 09:41:16',28.2),(87342,'CB_TEMP_AO_01','2026-04-20 09:41:21',28.4),(87343,'CB_TEMP_AO_01','2026-04-20 09:41:26',28.2),(87344,'CB_TEMP_AO_01','2026-04-20 09:41:32',28.8),(87345,'CB_TEMP_AO_01','2026-04-20 09:41:37',28.2),(87346,'CB_TEMP_AO_01','2026-04-20 09:41:42',28.2),(87347,'CB_TEMP_AO_01','2026-04-20 09:41:47',28.5),(87348,'CB_TEMP_AO_01','2026-04-20 09:41:52',29),(87349,'CB_TEMP_AO_01','2026-04-20 09:41:57',28.1),(87350,'CB_TEMP_AO_01','2026-04-20 09:42:02',28.8),(87351,'CB_TEMP_AO_01','2026-04-20 09:42:07',28.5),(87352,'CB_TEMP_AO_01','2026-04-20 09:42:12',28.7),(87353,'CB_TEMP_AO_01','2026-04-20 09:42:17',28),(87354,'CB_TEMP_AO_01','2026-04-20 09:42:22',28.3),(87355,'CB_TEMP_AO_01','2026-04-20 09:42:27',28.7),(87356,'CB_TEMP_AO_01','2026-04-20 09:42:32',28.1),(87357,'CB_TEMP_AO_01','2026-04-20 09:42:37',28.6),(87358,'CB_TEMP_AO_01','2026-04-20 09:42:42',28.9),(87359,'CB_TEMP_AO_01','2026-04-20 09:42:47',28),(87360,'CB_TEMP_AO_01','2026-04-20 09:42:52',28.9),(87361,'CB_TEMP_AO_01','2026-04-20 09:42:57',28),(87362,'CB_TEMP_AO_01','2026-04-20 09:43:02',28.3),(87363,'CB_TEMP_AO_01','2026-04-20 09:43:07',28.9),(87364,'CB_TEMP_AO_01','2026-04-20 09:43:12',28.6),(87365,'CB_TEMP_AO_01','2026-04-20 09:43:17',28.9),(87366,'CB_TEMP_AO_01','2026-04-20 09:43:22',29),(87367,'CB_TEMP_AO_01','2026-04-20 09:43:27',28.9),(87368,'CB_TEMP_AO_01','2026-04-20 09:43:32',28.6),(87369,'CB_TEMP_AO_01','2026-04-20 09:43:38',28.3),(87370,'CB_TEMP_AO_01','2026-04-20 09:43:43',28.5),(87371,'CB_TEMP_AO_01','2026-04-20 09:43:48',28.8),(87372,'CB_TEMP_AO_01','2026-04-20 09:43:53',28.6),(87373,'CB_TEMP_AO_01','2026-04-20 09:43:58',28.3),(87374,'CB_TEMP_AO_01','2026-04-20 09:44:03',28.4),(87375,'CB_TEMP_AO_01','2026-04-20 09:44:08',28.5),(87376,'CB_TEMP_AO_01','2026-04-20 09:44:13',28.2),(87377,'CB_TEMP_AO_01','2026-04-20 09:44:18',28.4),(87378,'CB_TEMP_AO_01','2026-04-20 09:44:23',28.4),(87379,'CB_TEMP_AO_01','2026-04-20 09:44:28',28.9),(87380,'CB_TEMP_AO_01','2026-04-20 09:44:33',28.2),(87381,'CB_TEMP_AO_01','2026-04-20 09:44:38',28.2),(87383,'CB_TEMP_AO_01','2026-04-20 09:44:43',28.7),(87385,'CB_TEMP_AO_01','2026-04-20 09:44:48',28.4),(87387,'CB_TEMP_AO_01','2026-04-20 09:44:53',28.3),(87389,'CB_TEMP_AO_01','2026-04-20 09:44:58',28.9),(87391,'CB_TEMP_AO_01','2026-04-20 09:45:03',28.3),(87393,'CB_TEMP_AO_01','2026-04-20 09:45:08',28.6),(87395,'CB_TEMP_AO_01','2026-04-20 09:45:13',28.8),(87397,'CB_TEMP_AO_01','2026-04-20 09:45:18',28.1),(87399,'CB_TEMP_AO_01','2026-04-20 09:45:23',28.7),(87401,'CB_TEMP_AO_01','2026-04-20 09:45:29',28.4),(87403,'CB_TEMP_AO_01','2026-04-20 09:45:34',28.1),(87405,'CB_TEMP_AO_01','2026-04-20 09:45:39',28.8),(87407,'CB_TEMP_AO_01','2026-04-20 09:45:44',28.3),(87409,'CB_TEMP_AO_01','2026-04-20 09:45:49',28.7),(87411,'CB_TEMP_AO_01','2026-04-20 09:45:54',28.6),(87413,'CB_TEMP_AO_01','2026-04-20 09:45:59',28.8),(87415,'CB_TEMP_AO_01','2026-04-20 09:46:04',28.3),(87417,'CB_TEMP_AO_01','2026-04-20 09:46:09',28.2),(87419,'CB_TEMP_AO_01','2026-04-20 09:46:14',28.2),(87421,'CB_TEMP_AO_01','2026-04-20 09:46:19',28.6),(87423,'CB_TEMP_AO_01','2026-04-20 09:46:24',29),(87425,'CB_TEMP_AO_01','2026-04-20 09:46:29',29),(87427,'CB_TEMP_AO_01','2026-04-20 09:46:34',29),(87429,'CB_TEMP_AO_01','2026-04-20 09:46:39',29),(87431,'CB_TEMP_AO_01','2026-04-20 09:46:44',28.5),(87433,'CB_TEMP_AO_01','2026-04-20 09:46:49',28.7),(87435,'CB_TEMP_AO_01','2026-04-20 09:46:54',28.8),(87437,'CB_TEMP_AO_01','2026-04-20 09:47:00',28.8),(87439,'CB_TEMP_AO_01','2026-04-20 09:47:05',28),(87441,'CB_TEMP_AO_01','2026-04-20 09:47:10',28),(87443,'CB_TEMP_AO_01','2026-04-20 09:47:15',28.8),(87445,'CB_TEMP_AO_01','2026-04-20 09:47:20',28.1),(87447,'CB_TEMP_AO_01','2026-04-20 09:47:25',28.2),(87449,'CB_TEMP_AO_01','2026-04-20 09:47:30',28.4),(87451,'CB_TEMP_AO_01','2026-04-20 09:47:35',28.1),(87453,'CB_TEMP_AO_01','2026-04-20 09:47:40',28.7),(87455,'CB_TEMP_AO_01','2026-04-20 09:47:45',28.7),(87457,'CB_TEMP_AO_01','2026-04-20 09:47:50',28.8),(87459,'CB_TEMP_AO_01','2026-04-20 09:47:55',28.5),(87461,'CB_TEMP_AO_01','2026-04-20 09:48:00',28.7),(87463,'CB_TEMP_AO_01','2026-04-20 09:48:05',28.4),(87465,'CB_TEMP_AO_01','2026-04-20 09:48:10',28.9),(87467,'CB_TEMP_AO_01','2026-04-20 09:48:16',28.2),(87469,'CB_TEMP_AO_01','2026-04-20 09:48:21',28.3),(87471,'CB_TEMP_AO_01','2026-04-20 09:48:26',28.9),(87473,'CB_TEMP_AO_01','2026-04-20 09:48:31',28.1),(87475,'CB_TEMP_AO_01','2026-04-20 09:48:36',28.8),(87477,'CB_TEMP_AO_01','2026-04-20 09:48:41',28.8),(87479,'CB_TEMP_AO_01','2026-04-20 09:48:46',28.6),(87481,'CB_TEMP_AO_01','2026-04-20 09:48:51',28.6),(87483,'CB_TEMP_AO_01','2026-04-20 09:48:56',28.2),(87485,'CB_TEMP_AO_01','2026-04-20 09:49:01',28),(87487,'CB_TEMP_AO_01','2026-04-20 09:49:06',28.5),(87489,'CB_TEMP_AO_01','2026-04-20 09:49:11',28.1),(87491,'CB_TEMP_AO_01','2026-04-20 09:49:16',28.6),(87493,'CB_TEMP_AO_01','2026-04-20 09:49:21',28.7),(87495,'CB_TEMP_AO_01','2026-04-20 09:49:26',28.1),(87497,'CB_TEMP_AO_01','2026-04-20 09:49:31',28.6),(87499,'CB_TEMP_AO_01','2026-04-20 09:49:36',28.7),(87501,'CB_TEMP_AO_01','2026-04-20 09:49:42',28.9),(87503,'CB_TEMP_AO_01','2026-04-20 09:49:47',28.1),(87505,'CB_TEMP_AO_01','2026-04-20 09:49:52',28.7),(87507,'CB_TEMP_AO_01','2026-04-20 09:49:57',28.2),(87509,'CB_TEMP_AO_01','2026-04-20 09:50:02',28.7),(87511,'CB_TEMP_AO_01','2026-04-20 09:50:07',28.4),(87513,'CB_TEMP_AO_01','2026-04-20 09:50:12',28.2),(87515,'CB_TEMP_AO_01','2026-04-20 09:50:17',28.2),(87517,'CB_TEMP_AO_01','2026-04-20 09:50:22',28.9),(87519,'CB_TEMP_AO_01','2026-04-20 09:50:27',28.3),(87521,'CB_TEMP_AO_01','2026-04-20 09:50:32',28),(87523,'CB_TEMP_AO_01','2026-04-20 09:50:37',28.4),(87525,'CB_TEMP_AO_01','2026-04-20 09:50:42',28.2),(87527,'CB_TEMP_AO_01','2026-04-20 09:50:47',28.2),(87529,'CB_TEMP_AO_01','2026-04-20 09:50:52',28.7),(87531,'CB_TEMP_AO_01','2026-04-20 09:50:57',28.2),(87533,'CB_TEMP_AO_01','2026-04-20 09:51:02',28.6),(87535,'CB_TEMP_AO_01','2026-04-20 09:51:07',28.7),(87537,'CB_TEMP_AO_01','2026-04-20 09:51:13',28.4),(87539,'CB_TEMP_AO_01','2026-04-20 09:51:18',28.9),(87541,'CB_TEMP_AO_01','2026-04-20 09:51:23',28.8),(87543,'CB_TEMP_AO_01','2026-04-20 09:51:28',28.3),(87545,'CB_TEMP_AO_01','2026-04-20 09:51:43',28.6),(87547,'CB_TEMP_AO_01','2026-04-20 09:51:48',28.4),(87549,'CB_TEMP_AO_01','2026-04-20 09:51:53',28.5),(87551,'CB_TEMP_AO_01','2026-04-20 09:51:58',28.7),(87553,'CB_TEMP_AO_01','2026-04-20 09:52:03',28.9),(87555,'CB_TEMP_AO_01','2026-04-20 09:52:08',28.4),(87557,'CB_TEMP_AO_01','2026-04-20 09:52:13',28),(87559,'CB_TEMP_AO_01','2026-04-20 09:52:18',28.7),(87561,'CB_TEMP_AO_01','2026-04-20 09:52:23',28.5),(87563,'CB_TEMP_AO_01','2026-04-20 09:52:29',28.8),(87565,'CB_TEMP_AO_01','2026-04-20 09:52:34',28.7),(87567,'CB_TEMP_AO_01','2026-04-20 09:52:39',28.7),(87569,'CB_TEMP_AO_01','2026-04-20 09:52:44',28.2),(87571,'CB_TEMP_AO_01','2026-04-20 09:52:49',28.8),(87573,'CB_TEMP_AO_01','2026-04-20 09:52:54',28),(87575,'CB_TEMP_AO_01','2026-04-20 09:53:02',28.4),(87577,'CB_TEMP_AO_01','2026-04-20 09:53:07',28),(87579,'CB_TEMP_AO_01','2026-04-20 09:53:12',28.1),(87581,'CB_TEMP_AO_01','2026-04-20 09:53:17',28.8),(87583,'CB_TEMP_AO_01','2026-04-20 09:53:22',28.2),(87585,'CB_TEMP_AO_01','2026-04-20 09:53:27',28.5),(87587,'CB_TEMP_AO_01','2026-04-20 09:53:32',28.8),(87589,'CB_TEMP_AO_01','2026-04-20 09:53:37',28.6),(87591,'CB_TEMP_AO_01','2026-04-20 09:53:42',28.9),(87593,'CB_TEMP_AO_01','2026-04-20 09:53:47',28.1),(87595,'CB_TEMP_AO_01','2026-04-20 09:53:52',28.2),(87597,'CB_TEMP_AO_01','2026-04-20 09:53:57',28),(87599,'CB_TEMP_AO_01','2026-04-20 09:54:02',28.5),(87601,'CB_TEMP_AO_01','2026-04-20 09:54:07',28.8),(87603,'CB_TEMP_AO_01','2026-04-20 09:54:12',28.1),(87605,'CB_TEMP_AO_01','2026-04-20 09:54:17',29),(87607,'CB_TEMP_AO_01','2026-04-20 09:54:22',28.8),(87609,'CB_TEMP_AO_01','2026-04-20 09:54:28',28.8),(87611,'CB_TEMP_AO_01','2026-04-20 09:54:33',28.6),(87613,'CB_TEMP_AO_01','2026-04-20 09:54:38',28.7),(87615,'CB_TEMP_AO_01','2026-04-20 09:54:43',29),(87617,'CB_TEMP_AO_01','2026-04-20 09:54:48',29),(87619,'CB_TEMP_AO_01','2026-04-20 09:54:53',28.1),(87621,'CB_TEMP_AO_01','2026-04-20 09:54:58',29),(87623,'CB_TEMP_AO_01','2026-04-20 09:55:03',28.7),(87625,'CB_TEMP_AO_01','2026-04-20 09:55:08',28.2),(87627,'CB_TEMP_AO_01','2026-04-20 09:55:13',28.1),(87629,'CB_TEMP_AO_01','2026-04-20 09:55:18',28.9),(87631,'CB_TEMP_AO_01','2026-04-20 09:55:23',28.8),(87633,'CB_TEMP_AO_01','2026-04-20 09:55:28',28.1),(87635,'CB_TEMP_AO_01','2026-04-20 09:55:33',28.3),(87637,'CB_TEMP_AO_01','2026-04-20 09:55:38',28.7),(87639,'CB_TEMP_AO_01','2026-04-20 09:55:43',28.5),(87641,'CB_TEMP_AO_01','2026-04-20 09:55:48',28.1),(87643,'CB_TEMP_AO_01','2026-04-20 09:55:53',28.2),(87645,'CB_TEMP_AO_01','2026-04-20 09:55:59',28.8),(87647,'CB_TEMP_AO_01','2026-04-20 09:56:04',28.5),(87649,'CB_TEMP_AO_01','2026-04-20 09:56:09',28),(87651,'CB_TEMP_AO_01','2026-04-20 09:56:14',28.1),(87653,'CB_TEMP_AO_01','2026-04-20 09:56:19',28.7),(87655,'CB_TEMP_AO_01','2026-04-20 09:56:24',28.5),(87657,'CB_TEMP_AO_01','2026-04-20 09:56:29',28.3),(87659,'CB_TEMP_AO_01','2026-04-20 09:56:34',28.2),(87661,'CB_TEMP_AO_01','2026-04-20 09:56:39',28.2),(87663,'CB_TEMP_AO_01','2026-04-20 09:56:44',28.9),(87665,'CB_TEMP_AO_01','2026-04-20 09:56:49',28.1),(87667,'CB_TEMP_AO_01','2026-04-20 09:56:54',28.3),(87669,'CB_TEMP_AO_01','2026-04-20 09:56:59',28.1),(87671,'CB_TEMP_AO_01','2026-04-20 09:57:04',28.8),(87673,'CB_TEMP_AO_01','2026-04-20 09:57:09',28.1),(87675,'CB_TEMP_AO_01','2026-04-20 09:57:15',28.4),(87677,'CB_TEMP_AO_01','2026-04-20 09:57:20',28.7),(87679,'CB_TEMP_AO_01','2026-04-20 09:57:25',28.2),(87681,'CB_TEMP_AO_01','2026-04-20 09:57:30',28.4),(87683,'CB_TEMP_AO_01','2026-04-20 09:57:35',28.9),(87685,'CB_TEMP_AO_01','2026-04-20 09:57:40',28.6),(87687,'CB_TEMP_AO_01','2026-04-20 09:57:45',28.1),(87689,'CB_TEMP_AO_01','2026-04-20 09:57:50',29),(87691,'CB_TEMP_AO_01','2026-04-20 09:57:55',28.4),(87693,'CB_TEMP_AO_01','2026-04-20 09:58:00',28.9),(87695,'CB_TEMP_AO_01','2026-04-20 09:58:05',28.9),(87697,'CB_TEMP_AO_01','2026-04-20 09:58:10',28.4),(87699,'CB_TEMP_AO_01','2026-04-20 09:58:15',28.2),(87701,'CB_TEMP_AO_01','2026-04-20 09:58:20',28.7),(87703,'CB_TEMP_AO_01','2026-04-20 09:58:25',28.2),(87705,'CB_TEMP_AO_01','2026-04-20 09:58:30',28.4),(87707,'CB_TEMP_AO_01','2026-04-20 09:58:35',28.9),(87709,'CB_TEMP_AO_01','2026-04-20 09:58:40',28.7),(87711,'CB_TEMP_AO_01','2026-04-20 09:58:46',28.1),(87713,'CB_TEMP_AO_01','2026-04-20 09:58:51',28.4),(87715,'CB_TEMP_AO_01','2026-04-20 09:58:56',29),(87717,'CB_TEMP_AO_01','2026-04-20 09:59:01',28.1),(87719,'CB_TEMP_AO_01','2026-04-20 09:59:06',28.1),(87721,'CB_TEMP_AO_01','2026-04-20 09:59:11',28.8),(87723,'CB_TEMP_AO_01','2026-04-20 09:59:16',28.2),(87725,'CB_TEMP_AO_01','2026-04-20 09:59:21',28.9),(87727,'CB_TEMP_AO_01','2026-04-20 09:59:26',28.7),(87729,'CB_TEMP_AO_01','2026-04-20 09:59:31',28.7),(87731,'CB_TEMP_AO_01','2026-04-20 09:59:36',28.7),(87733,'CB_TEMP_AO_01','2026-04-20 09:59:41',28.1),(87735,'CB_TEMP_AO_01','2026-04-20 09:59:46',28.1),(87737,'CB_TEMP_AO_01','2026-04-20 09:59:51',28.3),(87739,'CB_TEMP_AO_01','2026-04-20 09:59:56',28.8),(87741,'CB_TEMP_AO_01','2026-04-20 10:00:01',28.3),(87743,'CB_TEMP_AO_01','2026-04-20 10:00:06',28.8),(87745,'CB_TEMP_AO_01','2026-04-20 10:00:11',28.8),(87747,'CB_TEMP_AO_01','2026-04-20 10:00:17',28.9),(87749,'CB_TEMP_AO_01','2026-04-20 10:00:22',28.8),(87751,'CB_TEMP_AO_01','2026-04-20 10:00:27',28.8),(87753,'CB_TEMP_AO_01','2026-04-20 10:00:32',28.5),(87755,'CB_TEMP_AO_01','2026-04-20 10:00:45',28.4),(87757,'CB_TEMP_AO_01','2026-04-20 10:00:50',28.6),(87759,'CB_TEMP_AO_01','2026-04-20 10:00:55',28.1),(87761,'CB_TEMP_AO_01','2026-04-20 10:01:00',28.5),(87763,'CB_TEMP_AO_01','2026-04-20 10:01:05',28.4),(87765,'CB_TEMP_AO_01','2026-04-20 10:01:10',28.1),(87767,'CB_TEMP_AO_01','2026-04-20 10:01:15',28.8),(87769,'CB_TEMP_AO_01','2026-04-20 10:01:20',28.7),(87771,'CB_TEMP_AO_01','2026-04-20 10:01:25',28.3),(87773,'CB_TEMP_AO_01','2026-04-20 10:01:30',28),(87775,'CB_TEMP_AO_01','2026-04-20 10:01:35',28.9),(87777,'CB_TEMP_AO_01','2026-04-20 10:01:40',28),(87779,'CB_TEMP_AO_01','2026-04-20 10:01:45',28.1),(87781,'CB_TEMP_AO_01','2026-04-20 10:01:51',28.4),(87783,'CB_TEMP_AO_01','2026-04-20 10:01:56',28.2),(87785,'CB_TEMP_AO_01','2026-04-20 10:02:01',28.2),(87787,'CB_TEMP_AO_01','2026-04-20 10:02:06',28.2),(87789,'CB_TEMP_AO_01','2026-04-20 10:02:11',28.4),(87791,'CB_TEMP_AO_01','2026-04-20 10:02:16',28.1),(87793,'CB_TEMP_AO_01','2026-04-20 10:02:21',28.8),(87795,'CB_TEMP_AO_01','2026-04-20 10:02:26',28.5),(87797,'CB_TEMP_AO_01','2026-04-20 10:02:31',28.5),(87799,'CB_TEMP_AO_01','2026-04-20 10:02:36',28.8),(87801,'CB_TEMP_AO_01','2026-04-20 10:02:41',28.1),(87803,'CB_TEMP_AO_01','2026-04-20 10:02:46',28.8),(87805,'CB_TEMP_AO_01','2026-04-20 10:02:51',28.2),(87807,'CB_TEMP_AO_01','2026-04-20 10:02:56',29),(87809,'CB_TEMP_AO_01','2026-04-20 10:03:01',28.9),(87811,'CB_TEMP_AO_01','2026-04-20 10:03:06',28.4),(87813,'CB_TEMP_AO_01','2026-04-20 10:03:11',28.5),(87815,'CB_TEMP_AO_01','2026-04-20 10:03:17',28.8),(87817,'CB_TEMP_AO_01','2026-04-20 10:03:22',28.7),(87819,'CB_TEMP_AO_01','2026-04-20 10:03:27',28.5),(87821,'CB_TEMP_AO_01','2026-04-20 10:03:32',28.2),(87823,'CB_TEMP_AO_01','2026-04-20 10:03:37',28.1),(87825,'CB_TEMP_AO_01','2026-04-20 10:03:42',28.5),(87827,'CB_TEMP_AO_01','2026-04-20 10:03:47',28.1),(87829,'CB_TEMP_AO_01','2026-04-20 10:03:52',28.3),(87831,'CB_TEMP_AO_01','2026-04-20 10:03:57',28.3),(87833,'CB_TEMP_AO_01','2026-04-20 10:04:02',28),(87835,'CB_TEMP_AO_01','2026-04-20 10:04:07',28.2),(87837,'CB_TEMP_AO_01','2026-04-20 10:04:12',28.3),(87839,'CB_TEMP_AO_01','2026-04-20 10:04:17',28.5),(87841,'CB_TEMP_AO_01','2026-04-20 10:04:22',28.9),(87843,'CB_TEMP_AO_01','2026-04-20 10:04:27',28.1),(87845,'CB_TEMP_AO_01','2026-04-20 10:04:32',28.4),(87847,'CB_TEMP_AO_01','2026-04-20 10:04:37',28.6),(87849,'CB_TEMP_AO_01','2026-04-20 10:04:42',29),(87851,'CB_TEMP_AO_01','2026-04-20 10:04:47',28.2),(87853,'CB_TEMP_AO_01','2026-04-20 10:04:53',28.4),(87855,'CB_TEMP_AO_01','2026-04-20 10:04:58',28.2),(87857,'CB_TEMP_AO_01','2026-04-20 10:05:03',28.1),(87859,'CB_TEMP_AO_01','2026-04-20 10:05:08',28.2),(87861,'CB_TEMP_AO_01','2026-04-20 10:05:13',28.3),(87863,'CB_TEMP_AO_01','2026-04-20 10:05:18',28.1),(87865,'CB_TEMP_AO_01','2026-04-20 10:05:23',28.2),(87867,'CB_TEMP_AO_01','2026-04-20 10:05:28',28.1),(87869,'CB_TEMP_AO_01','2026-04-20 10:05:33',28.1),(87871,'CB_TEMP_AO_01','2026-04-20 10:05:38',28.1),(87873,'CB_TEMP_AO_01','2026-04-20 10:05:43',28.6),(87875,'CB_TEMP_AO_01','2026-04-20 10:05:48',28.3),(87877,'CB_TEMP_AO_01','2026-04-20 10:05:53',28.1),(87879,'CB_TEMP_AO_01','2026-04-20 10:05:58',28.1),(87881,'CB_TEMP_AO_01','2026-04-20 10:06:03',28.3),(87883,'CB_TEMP_AO_01','2026-04-20 10:06:08',28.9),(87885,'CB_TEMP_AO_01','2026-04-20 10:06:14',28.6),(87887,'CB_TEMP_AO_01','2026-04-20 10:06:19',28.9),(87889,'CB_TEMP_AO_01','2026-04-20 10:06:24',29),(87891,'CB_TEMP_AO_01','2026-04-20 10:06:29',28),(87893,'CB_TEMP_AO_01','2026-04-20 10:06:34',28.5),(87895,'CB_TEMP_AO_01','2026-04-20 10:06:39',28.6),(87897,'CB_TEMP_AO_01','2026-04-20 10:06:44',28.5),(87899,'CB_TEMP_AO_01','2026-04-20 10:06:49',28.2),(87901,'CB_TEMP_AO_01','2026-04-20 10:06:54',28.4),(87903,'CB_TEMP_AO_01','2026-04-20 10:06:59',28.2),(87905,'CB_TEMP_AO_01','2026-04-20 10:07:04',29),(87907,'CB_TEMP_AO_01','2026-04-20 10:07:09',28.9),(87909,'CB_TEMP_AO_01','2026-04-20 10:07:14',28.9),(87911,'CB_TEMP_AO_01','2026-04-20 10:07:19',28.5),(87913,'CB_TEMP_AO_01','2026-04-20 10:07:24',28.1),(87915,'CB_TEMP_AO_01','2026-04-20 10:07:29',28.3),(87917,'CB_TEMP_AO_01','2026-04-20 10:07:34',28.4),(87919,'CB_TEMP_AO_01','2026-04-20 10:07:39',28.4),(87921,'CB_TEMP_AO_01','2026-04-20 10:07:45',28.2),(87923,'CB_TEMP_AO_01','2026-04-20 10:07:50',28.8),(87925,'CB_TEMP_AO_01','2026-04-20 10:07:55',28.2),(87927,'CB_TEMP_AO_01','2026-04-20 10:08:00',28.6),(87929,'CB_TEMP_AO_01','2026-04-20 10:08:05',28.1),(87931,'CB_TEMP_AO_01','2026-04-20 10:08:10',28.8),(87933,'CB_TEMP_AO_01','2026-04-20 10:08:15',28.4),(87935,'CB_TEMP_AO_01','2026-04-20 10:08:20',28.8),(87937,'CB_TEMP_AO_01','2026-04-20 10:08:25',28.6),(87939,'CB_TEMP_AO_01','2026-04-20 10:08:30',28.4),(87941,'CB_TEMP_AO_01','2026-04-20 10:08:35',28.6),(87943,'CB_TEMP_AO_01','2026-04-20 10:08:40',28.9),(87945,'CB_TEMP_AO_01','2026-04-20 10:08:45',28.9),(87947,'CB_TEMP_AO_01','2026-04-20 10:08:50',28.1),(87949,'CB_TEMP_AO_01','2026-04-20 10:08:55',28.5),(87951,'CB_TEMP_AO_01','2026-04-20 10:09:00',28.8),(87953,'CB_TEMP_AO_01','2026-04-20 10:09:05',28.2),(87955,'CB_TEMP_AO_01','2026-04-20 10:09:11',28.5),(87957,'CB_TEMP_AO_01','2026-04-20 10:09:16',28.2),(87959,'CB_TEMP_AO_01','2026-04-20 10:09:21',28.7),(87961,'CB_TEMP_AO_01','2026-04-20 10:09:26',28),(87963,'CB_TEMP_AO_01','2026-04-20 10:09:31',28),(87965,'CB_TEMP_AO_01','2026-04-20 10:09:36',28.1),(87967,'CB_TEMP_AO_01','2026-04-20 10:09:41',28.1),(87969,'CB_TEMP_AO_01','2026-04-20 10:09:46',28.2),(87971,'CB_TEMP_AO_01','2026-04-20 10:09:51',29),(87973,'CB_TEMP_AO_01','2026-04-20 10:09:56',28.2),(87975,'CB_TEMP_AO_01','2026-04-20 10:10:01',28.6),(87977,'CB_TEMP_AO_01','2026-04-20 10:10:06',28.6),(87979,'CB_TEMP_AO_01','2026-04-20 10:10:11',28.5),(87981,'CB_TEMP_AO_01','2026-04-20 10:10:16',28.1),(87983,'CB_TEMP_AO_01','2026-04-20 10:10:21',28.8),(87985,'CB_TEMP_AO_01','2026-04-20 10:10:27',28.6),(87987,'CB_TEMP_AO_01','2026-04-20 10:10:32',28.8),(87989,'CB_TEMP_AO_01','2026-04-20 10:10:37',28.2),(87991,'CB_TEMP_AO_01','2026-04-20 10:10:42',28.1),(87993,'CB_TEMP_AO_01','2026-04-20 10:10:47',28.8),(87995,'CB_TEMP_AO_01','2026-04-20 10:10:52',28.6),(87997,'CB_TEMP_AO_01','2026-04-20 10:10:57',28.4),(87999,'CB_TEMP_AO_01','2026-04-20 10:11:02',28.7),(88001,'CB_TEMP_AO_01','2026-04-20 10:11:07',28.2),(88003,'CB_TEMP_AO_01','2026-04-20 10:11:12',28.8),(88005,'CB_TEMP_AO_01','2026-04-20 10:11:17',28.7),(88007,'CB_TEMP_AO_01','2026-04-20 10:11:22',28.2),(88009,'CB_TEMP_AO_01','2026-04-20 10:11:27',28.5),(88011,'CB_TEMP_AO_01','2026-04-20 10:11:32',28.5),(88013,'CB_TEMP_AO_01','2026-04-20 10:11:37',28.9),(88015,'CB_TEMP_AO_01','2026-04-20 10:11:42',28.3),(88017,'CB_TEMP_AO_01','2026-04-20 10:11:47',28.4),(88019,'CB_TEMP_AO_01','2026-04-20 10:11:53',28.6),(88021,'CB_TEMP_AO_01','2026-04-20 10:11:58',28.2),(88023,'CB_TEMP_AO_01','2026-04-20 10:12:03',28.7),(88025,'CB_TEMP_AO_01','2026-04-20 10:12:08',28.7),(88027,'CB_TEMP_AO_01','2026-04-20 10:12:13',28.5),(88029,'CB_TEMP_AO_01','2026-04-20 10:12:18',28.4),(88031,'CB_TEMP_AO_01','2026-04-20 10:12:23',28.5),(88033,'CB_TEMP_AO_01','2026-04-20 10:12:28',28.5),(88035,'CB_TEMP_AO_01','2026-04-20 10:12:33',28.6),(88037,'CB_TEMP_AO_01','2026-04-20 10:12:38',28.3),(88039,'CB_TEMP_AO_01','2026-04-20 10:12:43',28.6),(88041,'CB_TEMP_AO_01','2026-04-20 10:12:48',28.8),(88043,'CB_TEMP_AO_01','2026-04-20 10:12:53',28.6),(88045,'CB_TEMP_AO_01','2026-04-20 10:12:58',28.8),(88047,'CB_TEMP_AO_01','2026-04-20 10:13:03',28),(88049,'CB_TEMP_AO_01','2026-04-20 10:13:08',28.1),(88051,'CB_TEMP_AO_01','2026-04-20 10:13:13',28.7),(88053,'CB_TEMP_AO_01','2026-04-20 10:13:18',28.9),(88055,'CB_TEMP_AO_01','2026-04-20 10:13:24',28.4),(88057,'CB_TEMP_AO_01','2026-04-20 10:13:29',28.3),(88059,'CB_TEMP_AO_01','2026-04-20 10:13:34',28.4),(88061,'CB_TEMP_AO_01','2026-04-20 10:13:39',28.7),(88063,'CB_TEMP_AO_01','2026-04-20 10:13:44',28.6),(88065,'CB_TEMP_AO_01','2026-04-20 10:13:49',28.1),(88067,'CB_TEMP_AO_01','2026-04-20 10:13:54',28.4),(88069,'CB_TEMP_AO_01','2026-04-20 10:13:59',28.2),(88071,'CB_TEMP_AO_01','2026-04-20 10:14:04',28.7),(88073,'CB_TEMP_AO_01','2026-04-20 10:14:09',28.4),(88075,'CB_TEMP_AO_01','2026-04-20 10:14:14',28.2),(88077,'CB_TEMP_AO_01','2026-04-20 10:14:19',28.7),(88079,'CB_TEMP_AO_01','2026-04-20 10:14:24',28.3),(88081,'CB_TEMP_AO_01','2026-04-20 10:14:29',28.2),(88083,'CB_TEMP_AO_01','2026-04-20 10:14:34',28),(88085,'CB_TEMP_AO_01','2026-04-20 10:14:39',28.4),(88087,'CB_TEMP_AO_01','2026-04-20 10:14:44',28.2),(88089,'CB_TEMP_AO_01','2026-04-20 10:14:49',28.7),(88091,'CB_TEMP_AO_01','2026-04-20 10:14:54',28.4),(88093,'CB_TEMP_AO_01','2026-04-20 10:15:00',28.9),(88095,'CB_TEMP_AO_01','2026-04-20 10:15:05',28),(88097,'CB_TEMP_AO_01','2026-04-20 10:15:10',28.4),(88099,'CB_TEMP_AO_01','2026-04-20 10:15:15',29),(88101,'CB_TEMP_AO_01','2026-04-20 10:15:20',28.9),(88103,'CB_TEMP_AO_01','2026-04-20 10:15:25',28.8),(88105,'CB_TEMP_AO_01','2026-04-20 10:15:30',28.6),(88107,'CB_TEMP_AO_01','2026-04-20 10:15:35',28.4),(88109,'CB_TEMP_AO_01','2026-04-20 10:15:40',28.3),(88111,'CB_TEMP_AO_01','2026-04-20 10:15:45',28.3),(88113,'CB_TEMP_AO_01','2026-04-20 10:15:50',28.4),(88115,'CB_TEMP_AO_01','2026-04-20 10:15:55',28.6),(88117,'CB_TEMP_AO_01','2026-04-20 10:16:00',28.4),(88119,'CB_TEMP_AO_01','2026-04-20 10:16:05',29),(88121,'CB_TEMP_AO_01','2026-04-20 10:16:10',28.8),(88123,'CB_TEMP_AO_01','2026-04-20 10:16:15',28.5),(88125,'CB_TEMP_AO_01','2026-04-20 10:16:20',28.6),(88127,'CB_TEMP_AO_01','2026-04-20 10:16:26',28.3),(88129,'CB_TEMP_AO_01','2026-04-20 10:16:31',28.1),(88131,'CB_TEMP_AO_01','2026-04-20 10:16:36',28.8),(88133,'CB_TEMP_AO_01','2026-04-20 10:16:41',28.4),(88135,'CB_TEMP_AO_01','2026-04-20 10:16:46',28.3),(88137,'CB_TEMP_AO_01','2026-04-20 10:16:51',28.4),(88139,'CB_TEMP_AO_01','2026-04-20 10:16:56',28.6),(88141,'CB_TEMP_AO_01','2026-04-20 10:17:01',28.9),(88143,'CB_TEMP_AO_01','2026-04-20 10:17:06',28.6),(88145,'CB_TEMP_AO_01','2026-04-20 10:17:11',28.5),(88147,'CB_TEMP_AO_01','2026-04-20 10:17:16',28.6),(88149,'CB_TEMP_AO_01','2026-04-20 10:17:21',28.7),(88151,'CB_TEMP_AO_01','2026-04-20 10:17:26',28.3),(88153,'CB_TEMP_AO_01','2026-04-20 10:17:31',28.5),(88155,'CB_TEMP_AO_01','2026-04-20 10:17:36',28.9),(88157,'CB_TEMP_AO_01','2026-04-20 10:17:41',28.6),(88159,'CB_TEMP_AO_01','2026-04-20 10:17:46',28.2),(88161,'CB_TEMP_AO_01','2026-04-20 10:17:51',28.4),(88163,'CB_TEMP_AO_01','2026-04-20 10:17:56',28.9),(88165,'CB_TEMP_AO_01','2026-04-20 10:18:01',28.3),(88167,'CB_TEMP_AO_01','2026-04-20 10:18:07',28.7),(88169,'CB_TEMP_AO_01','2026-04-20 10:18:12',28.9),(88171,'CB_TEMP_AO_01','2026-04-20 10:18:17',28.4),(88173,'CB_TEMP_AO_01','2026-04-20 10:18:22',28.2),(88175,'CB_TEMP_AO_01','2026-04-20 10:18:27',28.3),(88177,'CB_TEMP_AO_01','2026-04-20 10:18:32',28.9),(88179,'CB_TEMP_AO_01','2026-04-20 10:18:37',28.6),(88181,'CB_TEMP_AO_01','2026-04-20 10:18:42',28.5),(88183,'CB_TEMP_AO_01','2026-04-20 10:18:47',28.9),(88185,'CB_TEMP_AO_01','2026-04-20 10:18:52',28.9),(88187,'CB_TEMP_AO_01','2026-04-20 10:18:57',28.3),(88189,'CB_TEMP_AO_01','2026-04-20 10:19:02',28.2),(88191,'CB_TEMP_AO_01','2026-04-20 10:19:07',28.6),(88193,'CB_TEMP_AO_01','2026-04-20 10:19:12',28.3),(88195,'CB_TEMP_AO_01','2026-04-20 10:19:17',28.3),(88197,'CB_TEMP_AO_01','2026-04-20 10:19:22',28.9),(88199,'CB_TEMP_AO_01','2026-04-20 10:19:27',28.3),(88201,'CB_TEMP_AO_01','2026-04-20 10:19:32',28.2),(88203,'CB_TEMP_AO_01','2026-04-20 10:19:37',28.6),(88205,'CB_TEMP_AO_01','2026-04-20 10:19:43',28.5),(88207,'CB_TEMP_AO_01','2026-04-20 10:19:48',28.1),(88209,'CB_TEMP_AO_01','2026-04-20 10:19:53',28.1),(88211,'CB_TEMP_AO_01','2026-04-20 10:19:58',28.2),(88213,'CB_TEMP_AO_01','2026-04-20 10:20:03',28.3),(88215,'CB_TEMP_AO_01','2026-04-20 10:20:08',28.1),(88217,'CB_TEMP_AO_01','2026-04-20 10:20:13',29),(88219,'CB_TEMP_AO_01','2026-04-20 10:20:18',28.3),(88221,'CB_TEMP_AO_01','2026-04-20 10:20:23',28.2),(88223,'CB_TEMP_AO_01','2026-04-20 10:20:28',28),(88225,'CB_TEMP_AO_01','2026-04-20 10:20:33',28.7),(88227,'CB_TEMP_AO_01','2026-04-20 10:20:38',28.4),(88229,'CB_TEMP_AO_01','2026-04-20 10:20:43',28.8),(88231,'CB_TEMP_AO_01','2026-04-20 10:20:48',28),(88233,'CB_TEMP_AO_01','2026-04-20 10:20:53',28.3),(88235,'CB_TEMP_AO_01','2026-04-20 10:20:59',28.4),(88237,'CB_TEMP_AO_01','2026-04-20 10:21:04',28.6),(88239,'CB_TEMP_AO_01','2026-04-20 10:21:09',28.9),(88241,'CB_TEMP_AO_01','2026-04-20 10:21:14',28.8),(88243,'CB_TEMP_AO_01','2026-04-20 10:21:19',28.9),(88245,'CB_TEMP_AO_01','2026-04-20 10:21:24',28.6),(88247,'CB_TEMP_AO_01','2026-04-20 10:21:29',28.6),(88249,'CB_TEMP_AO_01','2026-04-20 10:21:34',28.5),(88251,'CB_TEMP_AO_01','2026-04-20 10:21:39',28.5),(88253,'CB_TEMP_AO_01','2026-04-20 10:21:44',28),(88255,'CB_TEMP_AO_01','2026-04-20 10:21:49',28.8),(88257,'CB_TEMP_AO_01','2026-04-20 10:21:54',28.3),(88259,'CB_TEMP_AO_01','2026-04-20 10:21:59',28.7),(88261,'CB_TEMP_AO_01','2026-04-20 10:22:04',28.2),(88263,'CB_TEMP_AO_01','2026-04-20 10:22:09',28.6),(88265,'CB_TEMP_AO_01','2026-04-20 10:22:14',28.5),(88267,'CB_TEMP_AO_01','2026-04-20 10:22:19',28.8),(88269,'CB_TEMP_AO_01','2026-04-20 10:22:24',28.3),(88271,'CB_TEMP_AO_01','2026-04-20 10:22:29',28.7),(88273,'CB_TEMP_AO_01','2026-04-20 10:22:34',28.9),(88275,'CB_TEMP_AO_01','2026-04-20 10:22:40',29),(88277,'CB_TEMP_AO_01','2026-04-20 10:22:45',28.8),(88279,'CB_TEMP_AO_01','2026-04-20 10:22:50',28.3),(88281,'CB_TEMP_AO_01','2026-04-20 10:22:55',28.8),(88283,'CB_TEMP_AO_01','2026-04-20 10:23:00',28.1),(88285,'CB_TEMP_AO_01','2026-04-20 10:23:05',28.7),(88287,'CB_TEMP_AO_01','2026-04-20 10:23:10',28.9),(88289,'CB_TEMP_AO_01','2026-04-20 10:23:15',28),(88291,'CB_TEMP_AO_01','2026-04-20 10:23:20',28),(88293,'CB_TEMP_AO_01','2026-04-20 10:23:25',29),(88295,'CB_TEMP_AO_01','2026-04-20 10:23:30',28.3),(88297,'CB_TEMP_AO_01','2026-04-20 10:23:35',28.8),(88299,'CB_TEMP_AO_01','2026-04-20 10:23:40',28.1),(88301,'CB_TEMP_AO_01','2026-04-20 10:23:45',28.8),(88303,'CB_TEMP_AO_01','2026-04-20 10:23:50',28.6),(88305,'CB_TEMP_AO_01','2026-04-20 10:23:55',28.6),(88307,'CB_TEMP_AO_01','2026-04-20 10:24:00',28.3),(88309,'CB_TEMP_AO_01','2026-04-20 10:24:05',28.1),(88311,'CB_TEMP_AO_01','2026-04-20 10:24:10',28.1),(88313,'CB_TEMP_AO_01','2026-04-20 10:24:16',28.4),(88315,'CB_TEMP_AO_01','2026-04-20 10:24:21',28.2),(88317,'CB_TEMP_AO_01','2026-04-20 10:24:26',28.6),(88319,'CB_TEMP_AO_01','2026-04-20 10:24:31',28.3),(88321,'CB_TEMP_AO_01','2026-04-20 10:24:36',28.6),(88323,'CB_TEMP_AO_01','2026-04-20 10:24:41',28.3),(88325,'CB_TEMP_AO_01','2026-04-20 10:24:46',28.3),(88327,'CB_TEMP_AO_01','2026-04-20 10:24:51',28.2),(88329,'CB_TEMP_AO_01','2026-04-20 10:24:56',28.4),(88331,'CB_TEMP_AO_01','2026-04-20 10:25:01',28.1),(88333,'CB_TEMP_AO_01','2026-04-20 10:25:06',29),(88335,'CB_TEMP_AO_01','2026-04-20 10:25:11',28.9),(88337,'CB_TEMP_AO_01','2026-04-20 10:25:16',28.3),(88339,'CB_TEMP_AO_01','2026-04-20 10:25:21',28.4),(88341,'CB_TEMP_AO_01','2026-04-20 10:25:26',28.7),(88343,'CB_TEMP_AO_01','2026-04-20 10:25:31',28.2),(88345,'CB_TEMP_AO_01','2026-04-20 10:25:36',28.2),(88347,'CB_TEMP_AO_01','2026-04-20 10:25:41',28.9),(88349,'CB_TEMP_AO_01','2026-04-20 10:25:46',28.9),(88351,'CB_TEMP_AO_01','2026-04-20 10:25:52',28.5),(88353,'CB_TEMP_AO_01','2026-04-20 10:25:57',29),(88355,'CB_TEMP_AO_01','2026-04-20 10:26:02',28.5),(88357,'CB_TEMP_AO_01','2026-04-20 10:26:07',28.7),(88359,'CB_TEMP_AO_01','2026-04-20 10:26:12',28.5),(88361,'CB_TEMP_AO_01','2026-04-20 10:26:17',28.2),(88363,'CB_TEMP_AO_01','2026-04-20 10:26:22',28.2),(88365,'CB_TEMP_AO_01','2026-04-20 10:26:27',28.1),(88367,'CB_TEMP_AO_01','2026-04-20 10:26:32',28.6),(88369,'CB_TEMP_AO_01','2026-04-20 10:26:37',28.8),(88371,'CB_TEMP_AO_01','2026-04-20 10:26:42',28.9),(88373,'CB_TEMP_AO_01','2026-04-20 10:26:47',28.6),(88375,'CB_TEMP_AO_01','2026-04-20 10:26:52',28.9),(88377,'CB_TEMP_AO_01','2026-04-20 10:26:57',28.3),(88379,'CB_TEMP_AO_01','2026-04-20 10:27:02',29),(88381,'CB_TEMP_AO_01','2026-04-20 10:27:07',28.3),(88383,'CB_TEMP_AO_01','2026-04-20 10:27:12',28.8),(88385,'CB_TEMP_AO_01','2026-04-20 10:27:18',28.7),(88387,'CB_TEMP_AO_01','2026-04-20 10:27:23',28.2),(88389,'CB_TEMP_AO_01','2026-04-20 10:27:28',28.7),(88391,'CB_TEMP_AO_01','2026-04-20 10:27:33',28.2),(88393,'CB_TEMP_AO_01','2026-04-20 10:27:38',29),(88395,'CB_TEMP_AO_01','2026-04-20 10:27:43',28.4),(88397,'CB_TEMP_AO_01','2026-04-20 10:27:48',28.5),(88399,'CB_TEMP_AO_01','2026-04-20 10:27:53',28.4),(88401,'CB_TEMP_AO_01','2026-04-20 10:27:58',28.2),(88403,'CB_TEMP_AO_01','2026-04-20 10:28:03',28.4),(88405,'CB_TEMP_AO_01','2026-04-20 10:28:08',28.7),(88407,'CB_TEMP_AO_01','2026-04-20 10:28:13',28),(88409,'CB_TEMP_AO_01','2026-04-20 10:28:18',28.7),(88411,'CB_TEMP_AO_01','2026-04-20 10:28:23',28.7),(88413,'CB_TEMP_AO_01','2026-04-20 10:28:28',29),(88415,'CB_TEMP_AO_01','2026-04-20 10:28:33',28.5),(88417,'CB_TEMP_AO_01','2026-04-20 10:28:38',28),(88419,'CB_TEMP_AO_01','2026-04-20 10:28:43',28.1),(88421,'CB_TEMP_AO_01','2026-04-20 10:28:48',28.9),(88423,'CB_TEMP_AO_01','2026-04-20 10:28:53',28.7),(88425,'CB_TEMP_AO_01','2026-04-20 10:28:59',29),(88427,'CB_TEMP_AO_01','2026-04-20 10:29:04',28.5),(88429,'CB_TEMP_AO_01','2026-04-20 10:29:09',28.4),(88431,'CB_TEMP_AO_01','2026-04-20 10:29:14',28.8),(88433,'CB_TEMP_AO_01','2026-04-20 10:29:19',28.7),(88435,'CB_TEMP_AO_01','2026-04-20 10:29:24',28.2),(88437,'CB_TEMP_AO_01','2026-04-20 10:29:29',28),(88439,'CB_TEMP_AO_01','2026-04-20 10:29:34',28.4),(88441,'CB_TEMP_AO_01','2026-04-20 10:29:39',28.4),(88443,'CB_TEMP_AO_01','2026-04-20 10:29:44',28.9),(88445,'CB_TEMP_AO_01','2026-04-20 10:29:49',29),(88447,'CB_TEMP_AO_01','2026-04-20 10:29:54',28.6),(88449,'CB_TEMP_AO_01','2026-04-20 10:29:59',28.9),(88451,'CB_TEMP_AO_01','2026-04-20 10:30:04',28.7),(88453,'CB_TEMP_AO_01','2026-04-20 10:30:09',28.6),(88455,'CB_TEMP_AO_01','2026-04-20 10:30:14',28.3),(88457,'CB_TEMP_AO_01','2026-04-20 10:30:20',28.1),(88459,'CB_TEMP_AO_01','2026-04-20 10:30:25',28.6),(88461,'CB_TEMP_AO_01','2026-04-20 10:30:30',28.2),(88463,'CB_TEMP_AO_01','2026-04-20 10:30:35',28.8),(88465,'CB_TEMP_AO_01','2026-04-20 10:30:40',28.1),(88467,'CB_TEMP_AO_01','2026-04-20 10:30:45',28.9),(88469,'CB_TEMP_AO_01','2026-04-20 10:30:50',28.4),(88471,'CB_TEMP_AO_01','2026-04-20 10:30:55',28.5),(88473,'CB_TEMP_AO_01','2026-04-20 10:31:00',28.6),(88475,'CB_TEMP_AO_01','2026-04-20 10:31:05',28.8),(88477,'CB_TEMP_AO_01','2026-04-20 10:31:10',28.8),(88479,'CB_TEMP_AO_01','2026-04-20 10:31:15',28.8),(88481,'CB_TEMP_AO_01','2026-04-20 10:31:20',29),(88483,'CB_TEMP_AO_01','2026-04-20 10:31:25',28.9),(88485,'CB_TEMP_AO_01','2026-04-20 10:31:30',28.6),(88487,'CB_TEMP_AO_01','2026-04-20 10:31:35',28.4),(88489,'CB_TEMP_AO_01','2026-04-20 10:31:40',28.7),(88491,'CB_TEMP_AO_01','2026-04-20 10:31:45',28.7),(88493,'CB_TEMP_AO_01','2026-04-20 10:31:50',28.6),(88495,'CB_TEMP_AO_01','2026-04-20 10:31:55',28.9),(88497,'CB_TEMP_AO_01','2026-04-20 10:32:00',28.9),(88499,'CB_TEMP_AO_01','2026-04-20 10:32:05',28.5),(88501,'CB_TEMP_AO_01','2026-04-20 10:32:10',28.5),(88503,'CB_TEMP_AO_01','2026-04-20 10:32:16',28.1),(88505,'CB_TEMP_AO_01','2026-04-20 10:32:21',28.7),(88507,'CB_TEMP_AO_01','2026-04-20 10:32:26',28.3),(88509,'CB_TEMP_AO_01','2026-04-20 10:32:31',28.8),(88511,'CB_TEMP_AO_01','2026-04-20 10:32:36',28.5),(88513,'CB_TEMP_AO_01','2026-04-20 10:32:41',28.1),(88515,'CB_TEMP_AO_01','2026-04-20 10:32:46',28.6),(88517,'CB_TEMP_AO_01','2026-04-20 10:32:51',28.6),(88519,'CB_TEMP_AO_01','2026-04-20 10:32:56',28.5),(88521,'CB_TEMP_AO_01','2026-04-20 10:33:01',28.5),(88523,'CB_TEMP_AO_01','2026-04-20 10:33:06',28.6),(88525,'CB_TEMP_AO_01','2026-04-20 10:33:11',28.7),(88527,'CB_TEMP_AO_01','2026-04-20 10:33:16',28.9),(88529,'CB_TEMP_AO_01','2026-04-20 10:33:21',28.2),(88531,'CB_TEMP_AO_01','2026-04-20 10:33:26',28),(88533,'CB_TEMP_AO_01','2026-04-20 10:33:31',28.4),(88535,'CB_TEMP_AO_01','2026-04-20 10:33:36',28.6),(88537,'CB_TEMP_AO_01','2026-04-20 10:33:41',28.6),(88539,'CB_TEMP_AO_01','2026-04-20 10:33:46',28.9),(88541,'CB_TEMP_AO_01','2026-04-20 10:33:51',28.6),(88543,'CB_TEMP_AO_01','2026-04-20 10:33:57',28.8),(88545,'CB_TEMP_AO_01','2026-04-20 10:34:02',28.5),(88547,'CB_TEMP_AO_01','2026-04-20 10:34:07',29),(88549,'CB_TEMP_AO_01','2026-04-20 10:34:12',29),(88551,'CB_TEMP_AO_01','2026-04-20 10:34:17',28.4),(88553,'CB_TEMP_AO_01','2026-04-20 10:34:22',28.4),(88555,'CB_TEMP_AO_01','2026-04-20 10:34:27',28.2),(88557,'CB_TEMP_AO_01','2026-04-20 10:34:32',28.8),(88559,'CB_TEMP_AO_01','2026-04-20 10:34:37',28.2),(88561,'CB_TEMP_AO_01','2026-04-20 10:34:42',28),(88563,'CB_TEMP_AO_01','2026-04-20 10:34:47',28.6),(88565,'CB_TEMP_AO_01','2026-04-20 10:34:52',28.4),(88567,'CB_TEMP_AO_01','2026-04-20 10:34:57',28.7),(88569,'CB_TEMP_AO_01','2026-04-20 10:35:02',28.4),(88571,'CB_TEMP_AO_01','2026-04-20 10:35:07',28.1),(88573,'CB_TEMP_AO_01','2026-04-20 10:35:12',28.9),(88575,'CB_TEMP_AO_01','2026-04-20 10:35:17',28.4),(88577,'CB_TEMP_AO_01','2026-04-20 10:35:22',28),(88579,'CB_TEMP_AO_01','2026-04-20 10:35:27',28.6),(88581,'CB_TEMP_AO_01','2026-04-20 10:35:32',28.1),(88583,'CB_TEMP_AO_01','2026-04-20 10:35:37',28.9),(88585,'CB_TEMP_AO_01','2026-04-20 10:35:42',28.5),(88587,'CB_TEMP_AO_01','2026-04-20 10:35:48',28.6),(88589,'CB_TEMP_AO_01','2026-04-20 10:35:53',28.5),(88591,'CB_TEMP_AO_01','2026-04-20 10:35:58',29),(88593,'CB_TEMP_AO_01','2026-04-20 10:36:03',28.5),(88595,'CB_TEMP_AO_01','2026-04-20 10:36:08',28.5),(88597,'CB_TEMP_AO_01','2026-04-20 10:36:13',28.5),(88599,'CB_TEMP_AO_01','2026-04-20 10:36:18',28.3),(88601,'CB_TEMP_AO_01','2026-04-20 10:36:23',29),(88603,'CB_TEMP_AO_01','2026-04-20 10:36:28',28.8),(88605,'CB_TEMP_AO_01','2026-04-20 10:36:33',28.4),(88607,'CB_TEMP_AO_01','2026-04-20 10:36:38',28),(88609,'CB_TEMP_AO_01','2026-04-20 10:36:43',28.8),(88611,'CB_TEMP_AO_01','2026-04-20 10:36:48',28.6),(88613,'CB_TEMP_AO_01','2026-04-20 10:36:53',28.6),(88615,'CB_TEMP_AO_01','2026-04-20 10:36:58',28.9),(88617,'CB_TEMP_AO_01','2026-04-20 10:37:03',28.8),(88619,'CB_TEMP_AO_01','2026-04-20 10:37:08',28.7),(88621,'CB_TEMP_AO_01','2026-04-20 10:37:13',28.4),(88623,'CB_TEMP_AO_01','2026-04-20 10:37:18',28.5),(88625,'CB_TEMP_AO_01','2026-04-20 10:37:34',28.1),(88626,'CB_TEMP_AO_01','2026-04-20 10:37:39',28.2),(88627,'CB_TEMP_AO_01','2026-04-20 10:37:44',28.6),(88628,'CB_TEMP_AO_01','2026-04-20 10:37:49',28.9),(88629,'CB_TEMP_AO_01','2026-04-20 10:37:54',28),(88630,'CB_TEMP_AO_01','2026-04-20 10:37:59',28.4),(88631,'CB_TEMP_AO_01','2026-04-20 10:38:04',28.9),(88632,'CB_TEMP_AO_01','2026-04-20 10:38:10',28.1),(88633,'CB_TEMP_AO_01','2026-04-20 10:38:15',28.9),(88634,'CB_TEMP_AO_01','2026-04-20 10:38:20',28.3),(88635,'CB_TEMP_AO_01','2026-04-20 10:38:25',28.2),(88636,'CB_TEMP_AO_01','2026-04-20 10:38:30',28.4),(88637,'CB_TEMP_AO_01','2026-04-20 10:38:35',28.2),(88638,'CB_TEMP_AO_01','2026-04-20 10:39:06',27.9),(88639,'CB_TEMP_AO_01','2026-04-20 10:39:11',23.7),(88640,'CB_TEMP_AO_01','2026-04-20 10:39:16',24.2),(88641,'CB_TEMP_AO_01','2026-04-20 10:39:21',29.9),(88642,'CB_TEMP_AO_01','2026-04-20 10:39:26',25.1),(88643,'CB_TEMP_AO_01','2026-04-20 10:39:31',23.6),(88644,'CB_TEMP_AO_01','2026-04-20 10:39:37',27.2),(88645,'CB_TEMP_AO_01','2026-04-20 10:39:42',24),(88646,'CB_TEMP_AO_01','2026-04-20 10:40:24',29.9),(88647,'CB_TEMP_AO_01','2026-04-20 10:40:27',25.9),(88648,'CB_TEMP_AO_01','2026-04-20 10:40:30',27.1),(88649,'CB_TEMP_AO_01','2026-04-20 10:40:33',27),(88650,'CB_TEMP_AO_01','2026-04-20 10:40:36',24.9),(88651,'CB_TEMP_AO_01','2026-04-20 10:40:39',28.2),(88652,'CB_TEMP_AO_01','2026-04-20 10:40:42',27.5),(88653,'CB_TEMP_AO_01','2026-04-20 10:40:45',28.3),(88654,'CB_TEMP_AO_01','2026-04-20 10:40:48',27.7),(88655,'CB_TEMP_AO_01','2026-04-20 10:40:51',30.2),(88656,'CB_TEMP_AO_01','2026-04-20 10:40:54',28.6),(88657,'CB_TEMP_AO_01','2026-04-20 10:40:57',29.9),(88658,'CB_TEMP_AO_01','2026-04-20 10:41:01',29.9),(88659,'CB_TEMP_AO_01','2026-04-20 10:41:04',30),(88660,'CB_TEMP_AO_01','2026-04-20 10:41:07',30.3),(88661,'CB_TEMP_AO_01','2026-04-20 10:41:15',23.8),(88662,'CB_TEMP_AO_01','2026-04-20 10:41:18',26.7),(88663,'CB_TEMP_AO_01','2026-04-20 10:41:21',25.3),(88664,'CB_TEMP_AO_01','2026-04-20 10:41:24',29.2),(88665,'CB_TEMP_AO_01','2026-04-20 10:41:27',29.1),(88666,'CB_TEMP_AO_01','2026-04-20 10:41:30',29.7),(88667,'CB_TEMP_AO_01','2026-04-20 10:41:33',25.5),(88668,'CB_TEMP_AO_01','2026-04-20 10:41:37',28.7),(88669,'CB_TEMP_AO_01','2026-04-20 10:41:40',28.9),(88670,'CB_TEMP_AO_01','2026-04-20 10:41:43',28.1),(88671,'CB_TEMP_AO_01','2026-04-20 10:41:46',27.3),(88672,'CB_TEMP_AO_01','2026-04-20 10:41:49',27.4),(88673,'CB_TEMP_AO_01','2026-04-20 10:41:52',23.5),(88674,'CB_TEMP_AO_01','2026-04-20 10:41:55',24.6);
/*!40000 ALTER TABLE `du_lieu_quan_trac` ENABLE KEYS */;
UNLOCK TABLES;

--
-- Table structure for table `ghi_chep_cho_an`
--

DROP TABLE IF EXISTS `ghi_chep_cho_an`;
/*!40101 SET @saved_cs_client     = @@character_set_client */;
/*!50503 SET character_set_client = utf8mb4 */;
CREATE TABLE `ghi_chep_cho_an` (
  `ma_ghi_chep` int NOT NULL AUTO_INCREMENT,
  `ma_cong_thuc` varchar(50) DEFAULT NULL,
  `ma_tb_dieu_khien` varchar(50) DEFAULT NULL,
  `thoi_gian_cho_an` datetime DEFAULT NULL,
  `muc_do_them_an` varchar(50) DEFAULT NULL,
  `bang_chung_hinh_anh` varchar(255) DEFAULT NULL,
  PRIMARY KEY (`ma_ghi_chep`),
  KEY `ma_cong_thuc` (`ma_cong_thuc`),
  KEY `ma_tb_dieu_khien` (`ma_tb_dieu_khien`),
  CONSTRAINT `ghi_chep_cho_an_ibfk_1` FOREIGN KEY (`ma_cong_thuc`) REFERENCES `cong_thuc_cho_an` (`ma_cong_thuc`) ON DELETE SET NULL,
  CONSTRAINT `ghi_chep_cho_an_ibfk_2` FOREIGN KEY (`ma_tb_dieu_khien`) REFERENCES `thiet_bi_dieu_khien` (`ma_thiet_bi`) ON DELETE CASCADE
) ENGINE=InnoDB AUTO_INCREMENT=34 DEFAULT CHARSET=utf8mb4 COLLATE=utf8mb4_0900_ai_ci;
/*!40101 SET character_set_client = @saved_cs_client */;

--
-- Dumping data for table `ghi_chep_cho_an`
--

LOCK TABLES `ghi_chep_cho_an` WRITE;
/*!40000 ALTER TABLE `ghi_chep_cho_an` DISABLE KEYS */;
INSERT INTO `ghi_chep_cho_an` VALUES (31,NULL,'DK_FEEDER_AO_01','2026-04-20 09:21:00',NULL,NULL),(32,NULL,'DK_FEEDER_AO_01','2026-04-20 10:04:02',NULL,NULL),(33,'CT_GIAIDOAN_1','DK_FEEDER_AO_01','2026-04-20 10:05:03',NULL,NULL);
/*!40000 ALTER TABLE `ghi_chep_cho_an` ENABLE KEYS */;
UNLOCK TABLES;

--
-- Table structure for table `khu_vuc`
--

DROP TABLE IF EXISTS `khu_vuc`;
/*!40101 SET @saved_cs_client     = @@character_set_client */;
/*!50503 SET character_set_client = utf8mb4 */;
CREATE TABLE `khu_vuc` (
  `ma_khu_vuc` varchar(50) NOT NULL,
  `ma_nguoi_dung_quan_ly` varchar(50) DEFAULT NULL,
  `loai_thuy_san` varchar(100) DEFAULT NULL,
  PRIMARY KEY (`ma_khu_vuc`),
  KEY `ma_nguoi_dung_quan_ly` (`ma_nguoi_dung_quan_ly`),
  CONSTRAINT `khu_vuc_ibfk_1` FOREIGN KEY (`ma_nguoi_dung_quan_ly`) REFERENCES `nguoi_dung` (`ma_nguoi_dung`) ON DELETE SET NULL
) ENGINE=InnoDB DEFAULT CHARSET=utf8mb4 COLLATE=utf8mb4_0900_ai_ci;
/*!40101 SET character_set_client = @saved_cs_client */;

--
-- Dumping data for table `khu_vuc`
--

LOCK TABLES `khu_vuc` WRITE;
/*!40000 ALTER TABLE `khu_vuc` DISABLE KEYS */;
INSERT INTO `khu_vuc` VALUES ('KV_01','USR_QL01','Tôm Thẻ Chân Trắng'),('KV_TEST','USR_ADMIN','cá koi');
/*!40000 ALTER TABLE `khu_vuc` ENABLE KEYS */;
UNLOCK TABLES;

--
-- Table structure for table `lich_trinh`
--

DROP TABLE IF EXISTS `lich_trinh`;
/*!40101 SET @saved_cs_client     = @@character_set_client */;
/*!50503 SET character_set_client = utf8mb4 */;
CREATE TABLE `lich_trinh` (
  `ma_lich_trinh` int NOT NULL AUTO_INCREMENT,
  `ma_tb_dieu_khien` varchar(50) NOT NULL,
  `thoi_gian_bat_dau` time NOT NULL,
  `thoi_gian_ket_thuc` time NOT NULL,
  `ma_cong_thuc` varchar(50) DEFAULT NULL,
  PRIMARY KEY (`ma_lich_trinh`),
  KEY `ma_tb_dieu_khien` (`ma_tb_dieu_khien`),
  KEY `fk_lichtrinh_congthuc` (`ma_cong_thuc`),
  CONSTRAINT `fk_lichtrinh_congthuc` FOREIGN KEY (`ma_cong_thuc`) REFERENCES `cong_thuc_cho_an` (`ma_cong_thuc`) ON DELETE SET NULL,
  CONSTRAINT `lich_trinh_ibfk_1` FOREIGN KEY (`ma_tb_dieu_khien`) REFERENCES `thiet_bi_dieu_khien` (`ma_thiet_bi`) ON DELETE CASCADE
) ENGINE=InnoDB AUTO_INCREMENT=32 DEFAULT CHARSET=utf8mb4 COLLATE=utf8mb4_0900_ai_ci;
/*!40101 SET character_set_client = @saved_cs_client */;

--
-- Dumping data for table `lich_trinh`
--

LOCK TABLES `lich_trinh` WRITE;
/*!40000 ALTER TABLE `lich_trinh` DISABLE KEYS */;
/*!40000 ALTER TABLE `lich_trinh` ENABLE KEYS */;
UNLOCK TABLES;

--
-- Table structure for table `log_he_thong`
--

DROP TABLE IF EXISTS `log_he_thong`;
/*!40101 SET @saved_cs_client     = @@character_set_client */;
/*!50503 SET character_set_client = utf8mb4 */;
CREATE TABLE `log_he_thong` (
  `ma_log` bigint NOT NULL AUTO_INCREMENT,
  `ma_nguoi_dung_tao` varchar(50) DEFAULT NULL,
  `log_type` varchar(50) DEFAULT NULL COMMENT '3 loại log',
  `source_type` enum('MANUAL','AUTO') DEFAULT NULL COMMENT 'Thủ công hay tự động',
  `acknowledged` tinyint(1) DEFAULT '0' COMMENT 'Đã xử lý cảnh báo chưa',
  `mo_ta` text,
  `thoi_gian_khoi_tao` datetime DEFAULT CURRENT_TIMESTAMP,
  PRIMARY KEY (`ma_log`),
  KEY `ma_nguoi_dung_tao` (`ma_nguoi_dung_tao`),
  CONSTRAINT `log_he_thong_ibfk_1` FOREIGN KEY (`ma_nguoi_dung_tao`) REFERENCES `nguoi_dung` (`ma_nguoi_dung`) ON DELETE SET NULL
) ENGINE=InnoDB AUTO_INCREMENT=21 DEFAULT CHARSET=utf8mb4 COLLATE=utf8mb4_0900_ai_ci;
/*!40101 SET character_set_client = @saved_cs_client */;

--
-- Dumping data for table `log_he_thong`
--

LOCK TABLES `log_he_thong` WRITE;
/*!40000 ALTER TABLE `log_he_thong` DISABLE KEYS */;
INSERT INTO `log_he_thong` VALUES (1,'USR_ADMIN','LOGIN',NULL,1,'Người dùng đăng nhập thành công','2026-03-23 15:35:24'),(2,'USR_ADMIN','LOGIN',NULL,1,'Người dùng đăng nhập thành công','2026-04-14 10:27:10'),(3,'USR_ADMIN','LOGIN',NULL,1,'Người dùng đăng nhập thành công','2026-04-14 19:54:12'),(4,'USR_ADMIN','LOGIN',NULL,1,'Người dùng đăng nhập thành công','2026-04-14 22:20:52'),(5,'USR_ADMIN','LOGIN',NULL,1,'Người dùng đăng nhập thành công','2026-04-15 10:11:53'),(6,'USR_ADMIN','LOGIN',NULL,1,'Người dùng đăng nhập thành công','2026-04-15 10:35:02'),(7,'USR_ADMIN','LOGIN',NULL,1,'Người dùng đăng nhập thành công','2026-04-15 10:37:18'),(8,'USR_ADMIN','LOGIN',NULL,1,'Người dùng đăng nhập thành công','2026-04-15 10:52:47'),(9,'USR_ADMIN','LOGIN',NULL,1,'Người dùng đăng nhập thành công','2026-04-15 11:05:04'),(10,'USR_ADMIN','LOGIN',NULL,1,'Người dùng đăng nhập thành công','2026-04-15 11:18:41'),(11,'USR_ADMIN','LOGIN',NULL,1,'Người dùng đăng nhập thành công','2026-04-15 11:19:42'),(12,'USR_ADMIN','LOGIN',NULL,1,'Người dùng đăng nhập thành công','2026-04-15 11:32:08'),(13,'USR_ADMIN','LOGIN',NULL,1,'Người dùng đăng nhập thành công','2026-04-15 11:36:30'),(14,'USR_ADMIN','LOGIN',NULL,1,'Người dùng đăng nhập thành công','2026-04-15 15:07:53'),(15,'USR_ADMIN','LOGIN',NULL,1,'Người dùng đăng nhập thành công','2026-04-16 09:01:55'),(16,'USR_ADMIN','LOGIN',NULL,1,'Người dùng đăng nhập thành công','2026-04-17 14:02:13'),(17,'USR_ADMIN','LOGIN',NULL,1,'Người dùng đăng nhập thành công','2026-04-20 08:44:44'),(18,'USR_WORKER_01','LOGIN',NULL,1,'Người dùng đăng nhập thành công','2026-04-20 10:35:44'),(19,'USR_MANAGER_01','LOGIN',NULL,1,'Người dùng đăng nhập thành công','2026-04-20 10:36:20'),(20,'USR_ADMIN','LOGIN',NULL,1,'Người dùng đăng nhập thành công','2026-04-20 10:36:55');
/*!40000 ALTER TABLE `log_he_thong` ENABLE KEYS */;
UNLOCK TABLES;

--
-- Table structure for table `nguoi_dung`
--

DROP TABLE IF EXISTS `nguoi_dung`;
/*!40101 SET @saved_cs_client     = @@character_set_client */;
/*!50503 SET character_set_client = utf8mb4 */;
CREATE TABLE `nguoi_dung` (
  `ma_nguoi_dung` varchar(50) NOT NULL,
  `ten_dang_nhap` varchar(50) NOT NULL,
  `mat_khau` varchar(255) NOT NULL,
  `trang_thai` tinyint(1) DEFAULT '1',
  PRIMARY KEY (`ma_nguoi_dung`),
  UNIQUE KEY `ten_dang_nhap` (`ten_dang_nhap`)
) ENGINE=InnoDB DEFAULT CHARSET=utf8mb4 COLLATE=utf8mb4_0900_ai_ci;
/*!40101 SET character_set_client = @saved_cs_client */;

--
-- Dumping data for table `nguoi_dung`
--

LOCK TABLES `nguoi_dung` WRITE;
/*!40000 ALTER TABLE `nguoi_dung` DISABLE KEYS */;
INSERT INTO `nguoi_dung` VALUES ('USR_ADMIN','admin','123456',1),('USR_MANAGER_01','manager1','123456',1),('USR_QL01','quanly1','123456',1),('USR_WORKER_01','worker1','123456',1),('USR_WORKER_02','worker2','123456',1);
/*!40000 ALTER TABLE `nguoi_dung` ENABLE KEYS */;
UNLOCK TABLES;

--
-- Table structure for table `nguoi_dung_role`
--

DROP TABLE IF EXISTS `nguoi_dung_role`;
/*!40101 SET @saved_cs_client     = @@character_set_client */;
/*!50503 SET character_set_client = utf8mb4 */;
CREATE TABLE `nguoi_dung_role` (
  `ma_nguoi_dung` varchar(50) NOT NULL,
  `ma_role` varchar(20) NOT NULL,
  PRIMARY KEY (`ma_nguoi_dung`,`ma_role`),
  KEY `ma_role` (`ma_role`),
  CONSTRAINT `nguoi_dung_role_ibfk_1` FOREIGN KEY (`ma_nguoi_dung`) REFERENCES `nguoi_dung` (`ma_nguoi_dung`) ON DELETE CASCADE,
  CONSTRAINT `nguoi_dung_role_ibfk_2` FOREIGN KEY (`ma_role`) REFERENCES `role` (`ma_role`) ON DELETE CASCADE
) ENGINE=InnoDB DEFAULT CHARSET=utf8mb4 COLLATE=utf8mb4_0900_ai_ci;
/*!40101 SET character_set_client = @saved_cs_client */;

--
-- Dumping data for table `nguoi_dung_role`
--

LOCK TABLES `nguoi_dung_role` WRITE;
/*!40000 ALTER TABLE `nguoi_dung_role` DISABLE KEYS */;
INSERT INTO `nguoi_dung_role` VALUES ('USR_ADMIN','admin'),('USR_MANAGER_01','manager'),('USR_WORKER_01','worker'),('USR_WORKER_02','worker');
/*!40000 ALTER TABLE `nguoi_dung_role` ENABLE KEYS */;
UNLOCK TABLES;

--
-- Table structure for table `quyen`
--

DROP TABLE IF EXISTS `quyen`;
/*!40101 SET @saved_cs_client     = @@character_set_client */;
/*!50503 SET character_set_client = utf8mb4 */;
CREATE TABLE `quyen` (
  `ma_quyen` varchar(50) NOT NULL,
  `ten_quyen` varchar(100) NOT NULL,
  PRIMARY KEY (`ma_quyen`)
) ENGINE=InnoDB DEFAULT CHARSET=utf8mb4 COLLATE=utf8mb4_0900_ai_ci;
/*!40101 SET character_set_client = @saved_cs_client */;

--
-- Dumping data for table `quyen`
--

LOCK TABLES `quyen` WRITE;
/*!40000 ALTER TABLE `quyen` DISABLE KEYS */;
INSERT INTO `quyen` VALUES ('alerts:ack','Xác nhận xử lý cảnh báo'),('device:create','Thêm thiết bị'),('device:delete','Xóa thiết bị'),('device:status:update','Điều khiển bật/tắt thiết bị'),('pond:create','Thêm ao nuôi'),('pond:delete','Xóa ao nuôi'),('pond:update','Cập nhật ao nuôi'),('pond:update:config','Cập nhật ngưỡng cảnh báo ao'),('station:create','Thêm trạm biên'),('station:delete','Xóa trạm biên'),('zone:create','Thêm khu vực'),('zone:delete','Xóa khu vực'),('zone:update','Cập nhật khu vực');
/*!40000 ALTER TABLE `quyen` ENABLE KEYS */;
UNLOCK TABLES;

--
-- Table structure for table `role`
--

DROP TABLE IF EXISTS `role`;
/*!40101 SET @saved_cs_client     = @@character_set_client */;
/*!50503 SET character_set_client = utf8mb4 */;
CREATE TABLE `role` (
  `ma_role` varchar(20) NOT NULL,
  `role_name` varchar(50) NOT NULL,
  `mo_ta` text,
  PRIMARY KEY (`ma_role`)
) ENGINE=InnoDB DEFAULT CHARSET=utf8mb4 COLLATE=utf8mb4_0900_ai_ci;
/*!40101 SET character_set_client = @saved_cs_client */;

--
-- Dumping data for table `role`
--

LOCK TABLES `role` WRITE;
/*!40000 ALTER TABLE `role` DISABLE KEYS */;
INSERT INTO `role` VALUES ('admin','Quản trị viên',NULL),('manager','Quản lý',NULL),('worker','Công nhân',NULL);
/*!40000 ALTER TABLE `role` ENABLE KEYS */;
UNLOCK TABLES;

--
-- Table structure for table `role_quyen`
--

DROP TABLE IF EXISTS `role_quyen`;
/*!40101 SET @saved_cs_client     = @@character_set_client */;
/*!50503 SET character_set_client = utf8mb4 */;
CREATE TABLE `role_quyen` (
  `ma_role` varchar(20) NOT NULL,
  `ma_quyen` varchar(50) NOT NULL,
  PRIMARY KEY (`ma_role`,`ma_quyen`),
  KEY `ma_quyen` (`ma_quyen`),
  CONSTRAINT `role_quyen_ibfk_1` FOREIGN KEY (`ma_role`) REFERENCES `role` (`ma_role`) ON DELETE CASCADE,
  CONSTRAINT `role_quyen_ibfk_2` FOREIGN KEY (`ma_quyen`) REFERENCES `quyen` (`ma_quyen`) ON DELETE CASCADE
) ENGINE=InnoDB DEFAULT CHARSET=utf8mb4 COLLATE=utf8mb4_0900_ai_ci;
/*!40101 SET character_set_client = @saved_cs_client */;

--
-- Dumping data for table `role_quyen`
--

LOCK TABLES `role_quyen` WRITE;
/*!40000 ALTER TABLE `role_quyen` DISABLE KEYS */;
INSERT INTO `role_quyen` VALUES ('admin','alerts:ack'),('manager','alerts:ack'),('worker','alerts:ack'),('admin','device:create'),('admin','device:delete'),('admin','device:status:update'),('manager','device:status:update'),('worker','device:status:update'),('admin','pond:create'),('admin','pond:delete'),('admin','pond:update'),('admin','pond:update:config'),('manager','pond:update:config'),('admin','station:create'),('admin','station:delete'),('admin','zone:create'),('admin','zone:delete'),('admin','zone:update');
/*!40000 ALTER TABLE `role_quyen` ENABLE KEYS */;
UNLOCK TABLES;

--
-- Table structure for table `rule_dieu_khien`
--

DROP TABLE IF EXISTS `rule_dieu_khien`;
/*!40101 SET @saved_cs_client     = @@character_set_client */;
/*!50503 SET character_set_client = utf8mb4 */;
CREATE TABLE `rule_dieu_khien` (
  `ma_rule` varchar(50) NOT NULL,
  `ma_cam_bien` varchar(50) NOT NULL,
  `ma_tb_dieu_khien` varchar(50) NOT NULL,
  `nguong_canh_bao` varchar(255) DEFAULT NULL,
  `min_value` float DEFAULT NULL,
  `max_value` float DEFAULT NULL,
  PRIMARY KEY (`ma_rule`),
  KEY `ma_cam_bien` (`ma_cam_bien`),
  KEY `ma_tb_dieu_khien` (`ma_tb_dieu_khien`),
  CONSTRAINT `rule_dieu_khien_ibfk_1` FOREIGN KEY (`ma_cam_bien`) REFERENCES `cam_bien` (`ma_thiet_bi`) ON DELETE CASCADE,
  CONSTRAINT `rule_dieu_khien_ibfk_2` FOREIGN KEY (`ma_tb_dieu_khien`) REFERENCES `thiet_bi_dieu_khien` (`ma_thiet_bi`) ON DELETE CASCADE
) ENGINE=InnoDB DEFAULT CHARSET=utf8mb4 COLLATE=utf8mb4_0900_ai_ci;
/*!40101 SET character_set_client = @saved_cs_client */;

--
-- Dumping data for table `rule_dieu_khien`
--

LOCK TABLES `rule_dieu_khien` WRITE;
/*!40000 ALTER TABLE `rule_dieu_khien` DISABLE KEYS */;
INSERT INTO `rule_dieu_khien` VALUES ('RULE_TEMP_AO_01','CB_TEMP_AO_01','DK_FAN_AO_01',NULL,25,26);
/*!40000 ALTER TABLE `rule_dieu_khien` ENABLE KEYS */;
UNLOCK TABLES;

--
-- Table structure for table `thiet_bi_dieu_khien`
--

DROP TABLE IF EXISTS `thiet_bi_dieu_khien`;
/*!40101 SET @saved_cs_client     = @@character_set_client */;
/*!50503 SET character_set_client = utf8mb4 */;
CREATE TABLE `thiet_bi_dieu_khien` (
  `ma_thiet_bi` varchar(50) NOT NULL,
  `loai_thiet_bi` varchar(100) DEFAULT NULL,
  PRIMARY KEY (`ma_thiet_bi`),
  CONSTRAINT `thiet_bi_dieu_khien_ibfk_1` FOREIGN KEY (`ma_thiet_bi`) REFERENCES `thiet_bi_tai_bien` (`ma_thiet_bi`) ON DELETE CASCADE
) ENGINE=InnoDB DEFAULT CHARSET=utf8mb4 COLLATE=utf8mb4_0900_ai_ci;
/*!40101 SET character_set_client = @saved_cs_client */;

--
-- Dumping data for table `thiet_bi_dieu_khien`
--

LOCK TABLES `thiet_bi_dieu_khien` WRITE;
/*!40000 ALTER TABLE `thiet_bi_dieu_khien` DISABLE KEYS */;
INSERT INTO `thiet_bi_dieu_khien` VALUES ('DK_FAN_AO_01','FAN'),('DK_FEEDER_AO_01','FEEDER'),('DK_PUMP_AO_01','PUMP');
/*!40000 ALTER TABLE `thiet_bi_dieu_khien` ENABLE KEYS */;
UNLOCK TABLES;

--
-- Table structure for table `thiet_bi_tai_bien`
--

DROP TABLE IF EXISTS `thiet_bi_tai_bien`;
/*!40101 SET @saved_cs_client     = @@character_set_client */;
/*!50503 SET character_set_client = utf8mb4 */;
CREATE TABLE `thiet_bi_tai_bien` (
  `ma_thiet_bi` varchar(50) NOT NULL,
  `ma_tram` varchar(50) NOT NULL,
  `loai_phan_loai` enum('CAM_BIEN','DIEU_KHIEN') NOT NULL,
  `trang_thai` enum('HOAT_DONG','TAT','BAO_TRI') DEFAULT 'TAT',
  PRIMARY KEY (`ma_thiet_bi`),
  KEY `ma_tram` (`ma_tram`),
  CONSTRAINT `thiet_bi_tai_bien_ibfk_1` FOREIGN KEY (`ma_tram`) REFERENCES `tram_bien` (`ma_tram`) ON DELETE CASCADE
) ENGINE=InnoDB DEFAULT CHARSET=utf8mb4 COLLATE=utf8mb4_0900_ai_ci;
/*!40101 SET character_set_client = @saved_cs_client */;

--
-- Dumping data for table `thiet_bi_tai_bien`
--

LOCK TABLES `thiet_bi_tai_bien` WRITE;
/*!40000 ALTER TABLE `thiet_bi_tai_bien` DISABLE KEYS */;
INSERT INTO `thiet_bi_tai_bien` VALUES ('CB_TEMP_AO_01','TRAM_AO_01','CAM_BIEN','TAT'),('DK_FAN_AO_01','TRAM_AO_01','DIEU_KHIEN','TAT'),('DK_FEEDER_AO_01','TRAM_AO_01','DIEU_KHIEN','TAT'),('DK_PUMP_AO_01','TRAM_AO_01','DIEU_KHIEN','TAT');
/*!40000 ALTER TABLE `thiet_bi_tai_bien` ENABLE KEYS */;
UNLOCK TABLES;

--
-- Table structure for table `tram_bien`
--

DROP TABLE IF EXISTS `tram_bien`;
/*!40101 SET @saved_cs_client     = @@character_set_client */;
/*!50503 SET character_set_client = utf8mb4 */;
CREATE TABLE `tram_bien` (
  `ma_tram` varchar(50) NOT NULL,
  `ma_ao_nuoi` varchar(50) NOT NULL,
  `trang_thai_cloud` varchar(50) DEFAULT 'CONNECTED',
  PRIMARY KEY (`ma_tram`),
  KEY `ma_ao_nuoi` (`ma_ao_nuoi`),
  CONSTRAINT `tram_bien_ibfk_1` FOREIGN KEY (`ma_ao_nuoi`) REFERENCES `ao_nuoi` (`ma_ao_nuoi`) ON DELETE CASCADE
) ENGINE=InnoDB DEFAULT CHARSET=utf8mb4 COLLATE=utf8mb4_0900_ai_ci;
/*!40101 SET character_set_client = @saved_cs_client */;

--
-- Dumping data for table `tram_bien`
--

LOCK TABLES `tram_bien` WRITE;
/*!40000 ALTER TABLE `tram_bien` DISABLE KEYS */;
INSERT INTO `tram_bien` VALUES ('TRAM_AO_01','AO_01','CONNECTED');
/*!40000 ALTER TABLE `tram_bien` ENABLE KEYS */;
UNLOCK TABLES;

--
-- Table structure for table `vu_nuoi`
--

DROP TABLE IF EXISTS `vu_nuoi`;
/*!40101 SET @saved_cs_client     = @@character_set_client */;
/*!50503 SET character_set_client = utf8mb4 */;
CREATE TABLE `vu_nuoi` (
  `ma_vu_nuoi` varchar(50) NOT NULL,
  `ma_ao_nuoi` varchar(50) NOT NULL,
  `thoi_gian_bat_dau` date DEFAULT NULL,
  `thoi_gian_ket_thuc` date DEFAULT NULL,
  `so_moi_truong` varchar(50) DEFAULT NULL,
  PRIMARY KEY (`ma_vu_nuoi`),
  KEY `ma_ao_nuoi` (`ma_ao_nuoi`),
  CONSTRAINT `vu_nuoi_ibfk_1` FOREIGN KEY (`ma_ao_nuoi`) REFERENCES `ao_nuoi` (`ma_ao_nuoi`) ON DELETE CASCADE
) ENGINE=InnoDB DEFAULT CHARSET=utf8mb4 COLLATE=utf8mb4_0900_ai_ci;
/*!40101 SET character_set_client = @saved_cs_client */;

--
-- Dumping data for table `vu_nuoi`
--

LOCK TABLES `vu_nuoi` WRITE;
/*!40000 ALTER TABLE `vu_nuoi` DISABLE KEYS */;
/*!40000 ALTER TABLE `vu_nuoi` ENABLE KEYS */;
UNLOCK TABLES;
/*!40103 SET TIME_ZONE=@OLD_TIME_ZONE */;

/*!40101 SET SQL_MODE=@OLD_SQL_MODE */;
/*!40014 SET FOREIGN_KEY_CHECKS=@OLD_FOREIGN_KEY_CHECKS */;
/*!40014 SET UNIQUE_CHECKS=@OLD_UNIQUE_CHECKS */;
/*!40101 SET CHARACTER_SET_CLIENT=@OLD_CHARACTER_SET_CLIENT */;
/*!40101 SET CHARACTER_SET_RESULTS=@OLD_CHARACTER_SET_RESULTS */;
/*!40101 SET COLLATION_CONNECTION=@OLD_COLLATION_CONNECTION */;
/*!40111 SET SQL_NOTES=@OLD_SQL_NOTES */;

-- Dump completed on 2026-04-20 10:48:31
